Galaxy,src,cls,sub,chi2nu_S,chi2nu_final,RMS_S,RMS_final,pruns_final,dBIC,quality,R,M,v_asym,R2,M2,rv,p,MN,Afloor,sigma_int,T,Q,n,Inc,Vflat,Rdisk,Lb,Mbar,tentative
CamB,A,Single-L,adequate,0.039408,0.039408,0.043792,0.043792,0.5,0,grade III,1.3733,0.086487,28.392,,,,,,,,10,2,9,65,0,0.47,0,0.05346,True
D512-2,A,Single-L,adequate,0.067354,0.067354,0.055036,0.055036,0.5,0,grade II,0.99716,0.13223,41.281,,,,,,,,10,2,4,56,0,1.24,0,0.27023,True
D564-8,A,Single-L,adequate,0.15455,0.15455,0.091652,0.091652,0.18066,0,grade II,1.0742,0.06466,27.779,,,,,,,,10,2,6,63,0,0.61,0,0.05507,True
DDO170,A,Single-L,adequate,0.49815,0.49815,0.076061,0.076061,0.93668,0,grade II,2.9183,1.017,66.812,,,,,,,,10,2,8,66,60,1.95,0,1.249,True
F561-1,A,Single-L,adequate,0.012105,0.012105,0.021211,0.021211,0.5,0,grade II,2.2166,0.52435,55.063,,,,,,,,9,3,6,24,50,2.79,0,4.1958,True
F563-V1,A,Single-L,adequate,0.13676,0.13676,0.10992,0.10992,0.23975,0,grade III,1.9834,0.159,31.996,,,,,,,,10,3,6,60,0,3.79,0,1.5813,True
F563-V2,A,Single-L,adequate,0.032011,0.032011,0.047654,0.047654,0.16305,0,grade I,1.8253,2.3298,128.18,,,,,,,,10,1,10,29,116.6,2.43,0,4.3778,True
F565-V2,A,Single-L,adequate,0.043915,0.043915,0.084864,0.084864,0.11263,0,grade II,3.5571,2.4987,94.906,,,,,,,,10,2,7,60,0,2.17,0,1.2092,True
F567-2,A,Single-L,adequate,0.14516,0.14516,0.089473,0.089473,0.74365,0,grade II,2.1673,0.52658,55.809,,,,,,,,9,3,5,20,0,3.08,0,4.3242,True
F571-V1,A,Single-L,adequate,0.039394,0.039394,0.060124,0.060124,0.358,0,grade II,3.5397,2.3841,92.928,,,,,,,,7,2,7,30,83.6,2.47,0,2.5431,True
F574-2,A,Single-L,adequate,0.032855,0.032855,0.1429,0.1429,0.33126,0,grade III,5.5723,1.0089,47.871,,,,,,,,9,3,5,30,0,3.76,0,3.7008,True
F583-1,A,Single-L,adequate,0.21287,0.21287,0.25002,0.25002,0.058623,0,grade I,2.915,1.7753,88.404,,,,,,,,9,1,25,63,85.8,2.36,0,3.3206,False
F583-4,A,Single-L,adequate,0.55904,0.55904,0.23905,0.23905,0.12608,0,grade I,1.3598,0.48727,67.883,,,,,,,,5,1,12,55,0,1.93,0,1.71,True
NGC3877,A,Single-L,adequate,0.1456,0.1456,0.062449,0.062449,0.075587,0,grade I,2.2684,6.1456,186.78,,,,,,,,5,2,13,76,168.4,2.53,0,38.24,True
NGC3917,A,Single-L,adequate,0.39822,0.39822,0.040358,0.040358,0.16504,0,grade I,3.0877,5.5085,151.46,,,,,,,,6,1,17,79,135.9,2.63,0,13.494,False
NGC3949,A,Single-L,adequate,0.02881,0.02881,0.019067,0.019067,0.358,0,grade II,1.3428,3.2656,177.03,,,,,,,,4,2,7,55,163,3.59,0,23.517,True
NGC3953,A,Single-L,adequate,0.52387,0.52387,0.048445,0.048445,0.074679,0,grade II,2.1223,9.3399,238.11,,,,,,,,4,1,8,62,220.8,4.89,0,74.417,True
NGC4068,A,Single-L,adequate,0.083109,0.083109,0.077456,0.077456,0.81934,0,grade III,1.4396,0.29687,51.463,,,,,,,,10,2,6,44,0,0.59,0,0.32282,True
NGC4085,A,Single-L,adequate,0.13392,0.13392,0.037804,0.037804,0.56037,0,grade II,1.9012,3.4911,153.77,,,,,,,,5,2,7,82,131.5,1.65,0,12.656,True
NGC4389,A,Single-L,adequate,0.74516,0.74516,0.17642,0.17642,0.18066,0,grade II,2.8276,3.6268,128.41,,,,,,,,4,3,6,50,0,2.79,0,11.381,True
NGC6789,A,Single-L,adequate,0.58169,0.58169,0.25785,0.25785,0.84134,0,grade III,0.41035,0.15931,70.742,,,,,,,,11,2,4,43,0,0.31,0,0.07261,True
UGC02023,A,Single-L,adequate,0.08172,0.08172,0.17225,0.17225,0.79289,0,grade III,2.9661,1.6593,84.712,,,,,,,,10,2,5,19,0,1.55,0,1.2884,True
UGC02259,A,Single-L,adequate,0.65679,0.65679,0.051952,0.051952,0.58159,0,grade II,0.98021,0.62478,90.606,,,,,,,,8,2,8,41,86.2,1.62,0,1.5195,True
UGC04325,A,Single-L,adequate,0.40881,0.40881,0.048542,0.048542,0.5,0,grade II,1.0103,0.77807,99.598,,,,,,,,9,1,8,41,90.9,1.86,0,1.9147,True
UGC04483,A,Single-L,adequate,0.17121,0.17121,0.18839,0.18839,0.58159,0,grade I,0.34429,0.018868,26.563,,,,,,,,10,2,8,58,0,0.18,0,0.04906,True
UGC04499,A,Single-L,adequate,0.34844,0.34844,0.10018,0.10018,0.051235,0,grade I,1.8926,0.9351,79.685,,,,,,,,8,1,9,50,72.8,1.73,0,2.239,True
UGC05005,A,Single-L,adequate,0.19359,0.19359,0.27808,0.27808,0.073688,0,grade I,5.9684,5.3619,107.17,,,,,,,,10,1,11,41,98.9,3.2,0,6.1637,True
UGC05414,A,Single-L,adequate,0.93032,0.93032,0.13739,0.13739,0.18066,0,grade II,1.5703,0.56698,68.124,,,,,,,,10,1,6,55,0,1.47,0,1.3249,True
UGC05750,A,Single-L,adequate,0.036239,0.036239,0.064803,0.064803,0.22485,0,grade I,4.7754,2.8002,86.585,,,,,,,,8,1,11,64,0,3.46,0,3.1297,True
UGC05918,A,Single-L,adequate,0.18827,0.18827,0.12892,0.12892,0.063315,0,grade II,1.0789,0.18009,46.319,,,,,,,,10,2,8,46,0,1.66,0,0.51151,True
UGC05999,A,Single-L,adequate,0.021022,0.021022,0.012687,0.012687,0.33126,0,grade II,4.8349,4.6174,110.6,,,,,,,,10,2,5,22,0,3.22,0,4.3813,True
UGC06399,A,Single-L,adequate,0.2199,0.2199,0.11102,0.11102,0.051235,0,grade I,2.2805,1.6415,96.181,,,,,,,,9,1,9,75,85,2.05,0,2.0444,True
UGC06628,A,Single-L,adequate,0.0046841,0.0046841,0.024627,0.024627,0.11263,0,grade II,1.0464,0.16456,44.96,,,,,,,,9,2,7,20,41.8,2.82,0,3.8645,True
UGC06667,A,Single-L,adequate,0.7161,0.7161,0.14467,0.14467,0.11005,0,grade I,2.2508,1.5765,94.878,,,,,,,,6,1,9,89,83.8,5.15,0,1.7745,True
UGC06818,A,Single-L,adequate,0.68392,0.68392,0.27366,0.27366,0.2225,0,grade I,3.7737,2.5755,93.527,,,,,,,,9,2,8,75,71.2,1.39,0,2.2291,True
UGC06917,A,Single-L,adequate,0.73712,0.73712,0.085999,0.085999,0.17537,0,grade II,2.1524,2.1815,114.18,,,,,,,,9,1,11,56,108.7,2.76,0,6.1066,True
UGC06923,A,Single-L,adequate,0.70859,0.70859,0.22569,0.22569,0.5,0,grade II,1.8193,1.25,94.005,,,,,,,,10,2,6,65,79.6,1.44,0,2.521,True
UGC06930,A,Single-L,adequate,0.10441,0.10441,0.043972,0.043972,0.10304,0,grade II,2.1944,2.1861,113.19,,,,,,,,7,1,10,32,107.2,3.94,0,8.7712,True
UGC06973,A,Single-L,adequate,0.36473,0.36473,0.035948,0.035948,0.051235,0,grade II,0.15697,0.37258,174.99,,,,,,,,2,3,9,71,174.2,1.07,7.3044,30.727,True
UGC07089,A,Single-L,adequate,0.70477,0.70477,0.199,0.199,0.11294,0,grade I,2.8257,1.4899,82.247,,,,,,,,8,2,12,80,0,2.26,0,3.4071,True
UGC07151,A,Single-L,adequate,0.44545,0.44545,0.070213,0.070213,0.22485,0,grade I,1.0211,0.48299,78.04,,,,,,,,6,1,11,90,73.5,1.25,0,1.9613,True
UGC07232,A,Single-L,adequate,0.707,0.707,0.18583,0.18583,0.84134,0,grade III,0.50375,0.11976,55.342,,,,,,,,10,2,4,59,0,0.29,0,0.11768,True
UGC07261,A,Single-L,adequate,0.089722,0.089722,0.041467,0.041467,0.11263,0,grade II,0.92219,0.43148,77.622,,,,,,,,8,2,7,30,74.7,1.2,0,2.7225,True
UGC07559,A,Single-L,adequate,0.10856,0.10856,0.15238,0.15238,0.18103,0,grade II,1.0511,0.11505,37.493,,,,,,,,10,2,7,61,0,0.58,0,0.27927,True
UGC07577,A,Single-L,adequate,0.063353,0.063353,0.27199,0.27199,0.051235,0,grade III,1.2301,0.055553,24.037,,,,,,,,10,2,9,63,0,0.9,0,0.08102,True
UGC07603,A,Single-L,adequate,0.46357,0.46357,0.1263,0.1263,0.11294,0,grade I,0.8711,0.31737,68.49,,,,,,,,7,1,12,78,61.6,0.53,0,0.53114,True
UGC07608,A,Single-L,adequate,0.15687,0.15687,0.091898,0.091898,0.2225,0,grade II,1.8008,0.80913,75.991,,,,,,,,10,1,8,25,0,1.5,0,0.84355,True
UGC07690,A,Single-L,adequate,0.65521,0.65521,0.1029,0.1029,0.11263,0,grade II,0.34944,0.10072,60.954,,,,,,,,10,2,7,41,57.4,0.57,0,0.9477,True
UGC07866,A,Single-L,adequate,0.21076,0.21076,0.16957,0.16957,0.11263,0,grade II,0.67076,0.059841,33.872,,,,,,,,10,2,7,44,0,0.61,0,0.21894,True
UGC08837,A,Single-L,adequate,0.052104,0.052104,0.041403,0.041403,0.2225,0,grade I,2.7734,0.91548,65.031,,,,,,,,10,2,8,80,0,1.72,0,0.6761,True
UGC09992,A,Single-L,adequate,0.0044291,0.0044291,0.018083,0.018083,0.95957,0,grade III,0.43135,0.041358,35.137,,,,,,,,10,2,5,30,33.6,1.04,0,0.59094,True
UGC10310,A,Single-L,adequate,0.068656,0.068656,0.049209,0.049209,0.56037,0,grade II,1.5784,0.75759,78.564,,,,,,,,9,1,7,34,71.4,1.8,0,2.4612,True
UGC11557,A,Single-L,adequate,0.18288,0.18288,0.30846,0.30846,0.17882,0,grade I,3.1976,2.2634,95.3,,,,,,,,8,2,12,30,0,2.75,0,9.5152,True
UGCA281,A,Single-L,adequate,0.28606,0.28606,0.18649,0.18649,0.73646,0,grade II,0.33539,0.028109,32.857,,,,,,,,11,3,7,67,0,1.72,0,0.17946,True
D631-7,B,Double (two-L reset),nested two-L,1.3346,0.22435,0.18386,0.049049,0.15031,-10.446,grade I,1.4263,0.24205,69.776,3.015,1.1459,,,,,,10,1,16,59,57.7,0.7,0,0.4837,False
DDO154,B,Double (two-L reset),"two-L, needs more regions",7.4331,3.4751,0.20953,0.14116,0.27241,-41.561,grade IIM,1.1961,0.18044,56.259,1.97,0.48606,,,,,,10,2,12,64,47,0.37,0,0.39225,True
DDO161,B,Double (two-L reset),nested two-L,2.1491,0.38482,0.34761,0.095662,0.001027,-45.066,grade I,1.2598,0.19628,75.721,4.2715,1.916,,,,,,10,1,31,70,66.3,1.22,0,2.1067,False
ESO079-G014,B,Single-L,weak +-+ wave,1.117,1.117,0.34527,0.34527,0.0093345,0,structured residuals,5.0858,15.872,200.24,,,,,,,,4,1,15,79,175,5.08,0,30.043,False
ESO116-G012,B,Double (two-L reset),nested two-L,2.5703,1.4851,0.25926,0.1937,0.092052,-11.662,grade II,0.92657,0.41155,123.1,2.3905,2.8167,,,,,,7,1,15,74,109.1,1.51,0,3.5864,False
F568-1,B,Single-L,weak +-+ wave,0.053932,0.053932,0.093561,0.093561,0.0077151,0,structured residuals,2.6713,4.2867,143.67,,,,,,,,5,1,12,26,0,5.18,0,9.1083,True
F568-3,B,Single-L,weak +-+ wave,0.19264,0.19264,0.092371,0.092371,0.013766,0,structured residuals,3.6495,3.8604,116.52,,,,,,,,7,1,18,40,0,4.99,0,8.4223,False
F571-8,B,Double (two-L reset),nested two-L,3.7939,0.43958,0.34667,0.1324,0.23893,-32.646,grade II,1.1363,0.6872,159.21,4.134,8.1563,,,,,,5,1,13,85,139.7,3.56,0,7.4521,True
F574-1,B,Single-L,weak +-+ wave,0.15685,0.15685,0.10898,0.10898,0.0028604,0,structured residuals,2.3142,1.9898,105.14,,,,,,,,7,1,14,65,97.8,4.46,0,7.9554,False
F579-V1,B,Single-L,weak +-+ wave,0.098295,0.098295,0.10772,0.10772,0.0027034,0,structured residuals,0.98341,0.99981,114.45,,,,,,,,5,1,14,26,112.1,3.37,0,8.9099,False
IC2574,B,Double (two-L reset),nested two-L,13.128,1.2978,0.25128,0.10691,0.22347,-374.1,grade I,2.5538,0.51763,82.095,5.97,3.1562,,,,,,9,2,34,75,66.4,2.78,0,1.8859,False
KK98-251,B,Single-L,weak +-+ wave,0.17554,0.17554,0.066328,0.066328,0.012804,0,structured residuals,1.5526,0.22847,43.445,,,,,,,,10,2,15,59,33.7,1.34,0,0.19545,False
NGC0055,B,Double (two-L reset),nested two-L,1.041,0.32837,0.13539,0.056466,0.0069864,-8.108,grade II,1.5158,0.38146,97.327,3.68,2.7187,,,,,,9,2,21,77,85.6,6.11,0,4.3955,False
NGC0100,B,Single-L,weak +-+ wave,0.37342,0.37342,0.14568,0.14568,0.0024633,0,structured residuals,2.2744,1.5583,93.834,,,,,,,,6,1,21,89,88.1,1.66,0,4.2627,False
NGC0247,B,Double (two-L reset),nested two-L,8.5805,0.43223,0.2433,0.038174,0.0051998,-189.91,grade II,1.5878,0.83476,122.65,5.4229,6.3692,,,,,,7,2,26,74,104.9,3.74,0,5.9882,False
NGC1003,B,Double (two-L reset),"two-L, needs more regions",4.9131,2.7697,0.14763,0.11377,1.3305e-05,-71.247,grade IM,2.1192,1.7967,157.33,20.29,39.764,,,,,,6,1,36,67,109.8,1.61,0,11.23,False
NGC2403,B,Double (two-L reset),"two-L, needs more regions",32.04,7.9277,0.25125,0.10495,5.6022e-09,-1719.3,grade IM,0.49515,0.35517,136.54,1.67,2.4179,,,,,,6,1,73,63,131.2,1.39,0,9.2752,False
NGC2976,B,Single-L,weak +-+ wave,0.47183,0.47183,0.155,0.155,0.013241,0,structured residuals,1.2402,1.2102,112.1,,,,,,,,5,2,27,61,85.4,1.01,0,1.9143,False
NGC3109,B,Single-L,undecided (-6<=dBIC<-2),0.77775,0.77775,0.12709,0.12709,0.0002595,0,structured residuals,2.2598,0.94187,73.145,,,,,,,,9,1,25,70,66.2,1.56,0,0.73141,False
NGC3726,B,Unresolved (bulge / non-nested),two-L non-nested,2.9765,2.1874,0.098746,0.091122,0.40906,-7.2952,flag N,,,,,,,,,,,5,2,12,53,168,3.4,0,43.726,True
NGC3741,B,Double (two-L reset),nested two-L,3.5151,0.39158,0.36451,0.13397,0.14779,-54.041,grade I,0.48541,0.039736,57.385,2.33,0.59868,,,,,,10,1,21,70,50.1,0.2,0,0.25606,False
NGC3972,B,Single-L,undecided (-6<=dBIC<-2),1.4178,1.4178,0.13838,0.13838,0.022086,0,structured residuals,2.1351,3.2759,140.52,,,,,,,,4,1,10,77,132.7,2.18,0,8.7911,True
NGC4010,B,Single-L,undecided (-6<=dBIC<-2),1.687,1.687,0.2394,0.2394,0.038384,0,structured residuals,3.2829,5.1919,142.58,,,,,,,,7,2,12,89,125.8,2.81,0,12.363,True
NGC4013,B,Unresolved (bulge / non-nested),two-L non-nested,5.5197,2.364,0.12181,0.11769,1.9858e-07,-104.86,flag N,,,,,,,,,,,3,2,36,89,172.9,3.53,15.385,46.57,False
NGC4214,B,Single-L,weak +-+ wave,0.52842,0.52842,0.12177,0.12177,0.0096745,0,structured residuals,0.18774,0.090005,78.634,,,,,,,,10,2,14,15,80.1,0.51,0,1.2169,False
NGC5005,B,Single-L,weak +-+ wave,0.20467,0.20467,0.087119,0.087119,0.0011292,0,structured residuals,0.39681,2.1066,261.69,,,,,,,,4,1,18,68,262.2,9.45,20.759,95.214,False
NGC5585,B,Double (two-L reset),"two-L, needs more regions",28.934,4.0546,0.39956,0.12717,0.0017392,-549.1,grade IIM,0.23418,0.030527,96.04,2.05,1.4707,,,,,,7,1,24,51,90.3,1.53,0,3.7099,False
NGC7793,B,Double (two-L reset),nested two-L,2.5695,0.90344,0.30308,0.21279,0.0017398,-67.456,grade I,0.33783,0.13422,112.36,1.2534,1.2288,,,,,,7,1,46,47,0,1.21,0,4.6701,False
UGC00731,B,Double (two-L reset),nested two-L,2.3395,0.16477,0.17453,0.03035,0.27241,-17.107,grade II,1.0215,0.26005,82.787,3.0372,1.6232,,,,,,10,1,12,57,73.3,2.3,0,2.5648,True
UGC02885,B,Unresolved (bulge / non-nested),two-L non-nested,2.0269,0.7519,0.097607,0.056172,0.017071,-17.289,flag N,,,,,,,,,,,5,1,19,64,289.5,11.4,48.675,264.8,False
UGC03580,B,Double (two-L reset),"two-L, needs more regions",9.6862,3.2854,0.38817,0.33718,4.538e-08,-286.91,grade IM,1.0085,0.82357,133.8,4.52,6.3071,,,,,,1,2,47,63,126.2,2.43,3.237,13.093,False
UGC04278,B,Double (two-L reset),nested two-L,1.9738,0.34864,0.38061,0.14055,0.00032337,-31.639,grade I,1.0282,0.23763,114.25,4.01,4.0802,,,,,,7,1,25,90,91.4,2.21,0,2.1378,False
UGC05829,B,Single-L,weak +-+ wave,0.82633,0.82633,0.28642,0.28642,0.013339,0,structured residuals,2.972,1.3196,75.443,,,,,,,,10,2,11,34,0,1.99,0,1.6426,True
UGC06446,B,Single-L,undecided (-6<=dBIC<-2),0.66886,0.66886,0.1473,0.1473,0.0042728,0,structured residuals,1.2155,0.67874,84.781,,,,,,,,7,1,17,51,82.2,1.49,0,2.3281,False
UGC06614,B,Unresolved (bulge / non-nested),two-L non-nested,1.6235,0.32539,0.1584,0.054191,0.0072452,-9.8002,flag N,,,,,,,,,,,1,1,13,36,199.8,5.1,66.655,104.62,True
UGC06787,B,Unresolved (bulge / non-nested),two-L non-nested,25.977,17.26,0.24716,0.1294,1.5681e-12,-627.42,flag N,,,,,,,,,,,2,2,71,66,248.1,5.37,47.805,65.379,False
UGC07125,B,Single-L,undecided (-6<=dBIC<-2),1.1455,1.1455,0.14958,0.14958,0.0072452,0,structured residuals,2.9413,1.0659,68.135,,,,,,,,9,1,13,90,65.2,3.38,0,7.5126,True
UGC07323,B,Single-L,undecided (-6<=dBIC<-2),1.6759,1.6759,0.2836,0.2836,0.035907,0,structured residuals,2.6203,2.0296,99.752,,,,,,,,8,1,10,47,0,2.26,0,3.0148,True
UGC07399,B,Single-L,undecided (-6<=dBIC<-2),1.293,1.293,0.097851,0.097851,0.024601,0,structured residuals,0.85168,0.69954,102.88,,,,,,,,8,1,10,55,103,1.64,0,1.5688,True
UGC07524,B,Double (two-L reset),nested two-L,1.0722,0.28246,0.2487,0.12728,0.0095273,-16.6,grade II,1.0646,0.22834,89.434,3.0592,1.9072,,,,,,9,1,31,46,79.5,3.46,0,3.5841,False
UGC08286,B,Single-L,weak +-+ wave,0.15325,0.15325,0.027522,0.027522,0.018864,0,structured residuals,1.1172,0.66735,87.699,,,,,,,,6,1,17,90,82.4,1.05,0,1.4814,False
UGC08550,B,Single-L,weak +-+ wave,0.68419,0.68419,0.061412,0.061412,0.013339,0,structured residuals,0.68473,0.17946,58.095,,,,,,,,7,1,11,90,56.9,0.45,0,0.52754,True
UGC12632,B,Single-L,weak +-+ wave,0.2838,0.2838,0.17919,0.17919,0.0017951,0,structured residuals,2.1764,1.0173,77.479,,,,,,,,9,1,15,46,71.7,2.42,0,2.97,False
UGC12732,B,Double (two-L reset),nested two-L,2.8107,0.89772,0.2092,0.12727,0.020693,-23.032,grade II,1.7907,0.97816,127.48,9.6,12.244,,,,,,9,1,16,39,0,1.98,0,5.7013,False
UGCA444,B,Single-L,weak +-+ wave,0.26424,0.26424,0.22284,0.22284,7.5752e-06,0,structured residuals,0.75887,0.080534,36.941,,,,,,,,10,2,36,78,37,0.83,0,0.09511,False
ESO563-G021,C,Flattening window,0<p<2,3.3818,0.94469,0.11623,0.089042,0.070993,-63.325,--,5.8115,65.833,,,,11.303,1.7574,,,,4,1,30,83,314.6,5.45,0,187.9,False
F568-V1,C,Single-L,weak -+- wave,0.081432,0.081432,0.14543,0.14543,0.0080827,0,structured residuals,2.1596,2.6106,124.71,,,,,,,,7,1,15,40,112.3,2.85,0,5.2255,False
IC4202,C,Flattening window,0<p<2,1.3073,0.57003,0.080927,0.050706,0.35965,-16.327,--,3.1746,18.497,,,,9.45,1.6454,,,,4,1,32,90,242.6,4.78,37.362,113.74,False
NGC0891,C,Descent only,descent-dominated,3.0556,1.0648,0.097264,0.091419,0.02776,-28.202,grade III,0.20557,0.82032,178.93,,,11.143,61.497,48.807,32016,,3,1,18,90,216.1,2.55,18.877,78.88,False
NGC1705,C,Single-L,weak -+- wave,0.14616,0.14616,0.058388,0.058388,0.0049368,0,structured residuals,0.17503,0.073912,73.8,,,,,,,,11,3,14,80,71.9,0.39,0,0.45137,False
NGC2366,C,Single-L,weak -+- wave,0.46792,0.46792,0.16489,0.16489,3.2069e-05,0,structured residuals,1.5453,0.41518,58.749,,,,,,,,10,3,26,68,50.2,0.65,0,0.97851,False
NGC2903,C,Single-L + descent,CL + Kepler descent,26.859,2.0993,0.3552,0.10033,0.0062613,-789.47,grade IM,1.2302,5.7789,176.66,,,4.3869,5.1892,18.43,31210,,4,1,34,66,184.6,2.33,0,44.326,False
NGC3198,C,Single-L + descent,CL + Kepler descent,6.1252,0.75296,0.20437,0.22352,1.5493e-05,-214.24,grade I,2.9957,6.7415,143.27,,,12.954,3.8024,12.151,20525,,5,1,43,73,150.1,3.14,0,33.595,False
NGC3521,C,Single-L + descent,CL + Kepler descent,0.45385,0.066214,0.061224,0.03865,0.21551,-7.8232,grade III,0.51601,2.0696,200.28,,,4.6094,6.0259,8.3321,40114,,4,1,41,75,213.7,2.4,0,47.943,False
NGC3769,C,Single-L,weak -+- wave,0.7861,0.7861,0.096564,0.096564,0.010734,0,structured residuals,1.2432,1.5162,125.34,,,,,,,,3,2,12,70,118.6,3.38,0,16.693,True
NGC3992,C,Single-L + descent,CL + Kepler descent,5.6174,0.48176,0.10486,0.029326,0.8696,-32.518,grade I,3.9644,26.51,193.67,,,21.653,9.2624,192.53,37508,,4,1,9,56,241,4.96,0,135.54,True
NGC4088,C,Single-L + descent,CL + Kepler descent,1.8064,0.40395,0.10468,0.075992,0.11294,-9.8627,grade III,2.7331,8.8705,155.93,,,8.5623,3.9415,17.222,24314,,4,1,12,69,171.7,2.58,0,64.584,True
NGC4100,C,Single-L + descent,CL + Kepler descent,6.7202,0.57314,0.23337,0.049859,0.0026249,-130.02,grade I,2.8185,10.911,133.64,,,9.1896,6.2837,46.738,17860,,4,1,24,73,158.2,2.15,0,33.823,False
NGC4157,C,Single-L + descent,CL + Kepler descent,2.098,0.20914,0.12863,0.051899,0.014092,-23.085,grade II,2.6073,10.847,172.86,,,7.2062,3.6757,18.176,29881,,3,1,17,82,184.7,2.32,2.0135,64.153,False
NGC4183,C,Single-L,weak -+- wave,0.54196,0.54196,0.14483,0.14483,0.00069102,0,structured residuals,1.9292,1.9991,115.47,,,,,,,,6,1,23,82,110.6,2.79,0,10.082,False
NGC4217,C,Single-L + descent,CL + Kepler descent,1.1149,0.081998,0.10564,0.036416,0.12073,-11.835,grade III,2.0512,6.825,143.05,,,10.148,7.7672,39.361,20464,,3,1,19,86,181.3,2.94,68.306,59.718,False
NGC4559,C,Single-L,weak -+- wave,0.43886,0.43886,0.15497,0.15497,1.6002e-06,0,structured residuals,2.0506,2.5767,127.16,,,,,,,,6,1,32,67,121.2,2.1,0,17.417,False
NGC5033,C,Descent only,descent-dominated,15.113,1.0421,0.11949,0.042233,0.042448,-277.31,grade III,0.02,0.074492,122.87,,,26.073,2682.4,199.67,15096,,5,1,22,66,194.2,5.16,25.158,75.334,False
NGC5055,C,Single-L + descent,CL + Kepler descent,128.68,4.3556,0.31316,0.11965,0.0041197,-3234.6,grade IM,1.1211,4.02,165.41,,,13.292,14.534,50.386,27360,,4,1,28,55,179,3.2,0,92.051,False
NGC5371,C,Descent only,descent-dominated,14.641,4.7856,0.11034,0.095287,0.0068117,-171.23,grade IIIM,0.96484,4.2576,160.63,,,23.663,40.234,162.78,25802,,4,1,19,53,209.5,7.44,0,185.07,False
NGC5907,C,Single-L + descent,CL + Kepler descent,10.883,2.5041,0.069955,0.035713,0.12073,-141.55,grade IIM,1.2395,5.4207,195.86,,,19.553,15.15,71.285,38363,,5,1,19,88,215,5.34,0,115.68,False
NGC5985,C,Single-L + descent,CL + Kepler descent,2.2029,0.87648,0.069258,0.037947,0.00047535,-35.879,grade III,3.1296,26.209,285.18,,,11.08,2.6274,16.444,81325,,3,1,33,60,293.6,7.01,10.154,121.8,False
NGC6503,C,Single-L + descent,CL + Kepler descent,1.9174,0.82199,0.13596,0.04594,0.062005,-26.543,grade II,0.82889,1.0625,114.81,,,3.79,2.7844,0.83342,13182,,6,1,31,74,116.3,2.16,0,8.742,False
NGC6674,C,Descent only,descent-dominated,16.382,3.7421,0.16542,0.236,0.012804,-166.38,grade IIM,0.02,0.12605,223.86,,,14.218,818.45,102.91,50114,,3,1,15,54,241.3,6.04,17.21,153.55,False
NGC6946,C,Double (two-L reset),rising window (p<0),9.7122,5.2663,0.2264,0.17287,7.1165e-10,-251.38,rising window,0.02,0.027095,,,,2.0213,-284.31,,,,6,1,58,38,158.9,2.44,4.102,41.448,False
NGC7331,C,Single-L + descent,CL + Kepler descent,2.7045,0.70631,0.066957,0.027207,0.00045692,-62.185,grade II,1.4247,8.8719,230.54,,,5.5532,3.958,17.371,53150,,3,1,36,75,239,5.02,11.598,142.35,False
UGC01230,C,Single-L,weak -+- wave,0.3705,0.3705,0.12803,0.12803,0.013339,0,structured residuals,2.4848,2.4174,111.83,,,,,,,,9,1,11,22,103.7,4.34,0,12.362,True
UGC02916,C,Descent only,descent-dominated,2.4818,1.8382,0.115,0.05268,3.8214e-06,-22.541,grade III,0.060176,0.21263,112.42,,,23.525,847.7,179.82,12638,,2,2,43,50,182.7,6.15,71.632,107.36,False
UGC02953,C,Single-L + descent,CL + Kepler descent,68.637,12.871,0.23208,0.24833,1.9665e-20,-6317.8,grade IM,0.49279,3.8076,240.39,,,13.992,35.805,128.71,57787,,2,2,115,50,264.9,3.55,30.142,146,False
UGC03205,C,Single-L + descent,CL + Kepler descent,5.9334,1.2135,0.17864,0.16871,1.6995e-07,-211.8,grade II,1.0141,4.8125,205.26,,,6.8892,6.3575,20.971,42131,,2,1,48,67,219.6,3.19,17.347,73.161,False
UGC04305,C,Single-L,weak -+- wave,0.64578,0.64578,0.56767,0.56767,0.0013327,0,structured residuals,0.89248,0.094704,36.928,,,,,,,,10,3,22,40,34.5,1.16,0,1.2857,False
UGC05253,C,Descent only,descent-dominated,5.542,0.35068,0.093175,0.034487,4.594e-11,-360.7,grade I,0.056077,0.26372,185.38,,,21.398,496.47,130.4,34364,,2,2,73,37,213.7,8.07,65.508,120.7,False
UGC05721,C,Single-L,weak -+- wave,1.0126,1.0126,0.22171,0.22171,0.00014389,0,structured residuals,0.48104,0.25588,82.805,,,,,,,,7,1,23,61,79.7,0.38,0,1.013,False
UGC05986,C,Single-L + descent,CL + Kepler descent,2.1504,1.1974,0.14384,0.12551,0.10897,-9.3675,grade III,2.1414,2.9204,80.66,,,6.6176,5.8431,11.223,6506,,9,2,15,90,113,1.67,0,5.8946,False
UGC06983,C,Single-L,weak -+- wave,0.32148,0.32148,0.05602,0.05602,0.014092,0,structured residuals,1.9444,2.0114,115.37,,,,,,,,6,1,17,49,109,3.21,0,6.5951,False
UGC08490,C,Single-L,weak -+- wave,0.50057,0.50057,0.10346,0.10346,0.00013415,0,structured residuals,0.56719,0.29168,81.41,,,,,,,,9,1,30,50,78.6,0.67,0,1.4661,False
UGC08699,C,Single-L + descent,CL + Kepler descent,4.5817,1.0269,0.1139,0.070073,2.5595e-06,-133.27,grade II,0.19584,0.66921,175.66,,,1.6958,7.7974,3.8796,30856,,2,2,41,73,182.4,3.09,14.685,33.06,False
UGC09037,C,Single-L,weak -+- wave,0.86253,0.86253,0.090529,0.090529,0.00027357,0,structured residuals,4.132,8.6971,164.45,,,,,,,,6,2,22,65,152.3,4.28,0,59.681,False
UGC11455,C,Single-L + descent,CL + Kepler descent,3.9707,3.1209,0.15513,0.16986,0.00029417,-27.969,grade IIIM,4.6029,33.194,252.53,,,20.24,4.1504,71.38,63773,,6,1,36,90,269.4,5.93,0,204.9,False
UGC11914,C,Single-L + descent,CL + Kepler descent,2.2197,0.99298,0.081107,0.097159,3.4397e-11,-70.918,grade III,0.4894,4.0252,286.05,,,1.6201,2.2738,1.102,81826,,2,1,65,31,288.1,2.44,37.158,83.627,False
UGC12506,C,Single-L + descent,CL + Kepler descent,0.70989,0.27843,0.15698,0.16282,0.05407,-6.2014,grade III,2.7108,13.769,183.56,,,31.132,16.739,202.93,33696,,6,2,31,86,234,7.38,0,117.07,False
DDO064,D,Single-L,structure within errors,0.241,0.241,0.30631,0.30631,0.014102,0,single-L adequate,1.28,,,,,,,,,,10,1,14,60,46.1,0.69,0,0.35913,False
F563-1,D,Single-L,structure within errors,0.23868,0.23868,0.1655,0.1655,0.012289,0,single-L adequate,2.63,,,,,,,,,,9,1,17,25,109.9,3.52,0,5.2075,False
NGC0024,D,Single-L,structure within errors,0.23769,0.23769,0.085025,0.085025,0.023959,0,single-L adequate,0.75,,,,,,,,,,5,1,29,64,106.3,1.34,0,2.8436,False
NGC0289,D,Unresolved (bulge / non-nested),extreme window parameters,2.7011,0.72595,0.11275,0.080102,0.028168,-40.928,phenomenological,0.02,,,,,,,,,,4,2,28,46,163,6.74,0,72.566,False
NGC0300,D,Double (two-L reset),rising window (p<0),1.3148,0.40013,0.14374,0.065343,0.016503,-15.4,clean,1.17,,,,,2.49,-6.52,,,,7,2,25,42,93.3,1.75,0,2.7059,False
NGC1090,D,Multi-region,reset + disk window,3.635,0.53987,0.12332,0.077443,0.78276,-57.54,weakly constrained,3.25,,,,,,,,,,4,1,24,64,164.4,3.53,0,47.704,False
NGC2841,D,Multi-region,two windows,9.3067,0.4033,0.12718,0.019955,0.0021793,-413.32,clean,1.2,,,,,,,,,,3,1,50,76,284.8,3.64,46.062,116.27,False
NGC2915,D,Single-L,structure within errors,0.25853,0.25853,0.12309,0.12309,0.001475,0,single-L adequate,1.23,,,,,,,,,,11,2,30,56,83.5,0.55,0,0.99614,False
NGC4138,D,Single-L + descent,CL + Kepler descent,4.9114,0.24121,0.25804,0.072411,0.88787,-19.942,weakly constrained,1.06,,,,,6.09,13.6,,,,0,2,7,53,147.3,1.51,8.4683,25.722,True
NGC6015,D,Multi-region,reset + disk window,8.6634,1.6566,0.13953,0.064464,0.0030941,-285.78,clean,0.72,,,,,,,,,,6,2,44,60,154.1,2.3,0,23.824,False
NGC7814,D,Descent only,descent from first points,2.9641,0.66743,0.11383,0.030566,0.0021927,-32.3,weakly constrained,0.38,,,,,0.93,4.61,,,,2,1,18,90,218.9,2.54,50.402,48.768,False
PGC51017,D,Single-L,structure within errors,0.20931,0.20931,0.095902,0.095902,0.033945,0,single-L adequate,0.02,,,,,,,,,,11,3,6,66,18.6,0.53,0,0.34483,True
UGC00128,D,Multi-region,two windows,6.0947,2.9485,0.18469,0.11106,0.56537,-62.358,weakly constrained,3.75,,,,,,,,,,8,1,22,57,129.3,5.95,0,15.893,False
UGC01281,D,Single-L,structure within errors,0.026825,0.026825,0.065449,0.065449,0.0002595,0,single-L adequate,1.96,,,,,,,,,,8,1,25,90,55.2,1.63,0,0.56752,False
UGC02487,D,Unresolved (bulge / non-nested),extreme window parameters,38.151,0.65529,0.12523,0.025959,0.45148,-553.72,phenomenological,0.68,,,,,,,,,,0,1,17,36,332,7.89,106.21,290.11,False
UGC03546,D,Unresolved (bulge / non-nested),extreme window parameters,3.4046,0.79607,0.17482,0.058206,0.012555,-62.617,phenomenological,0.02,,,,,,,,,,1,1,30,55,196.9,3.79,27.346,59.695,False
UGC06786,D,Unresolved (bulge / non-nested),extreme window parameters,1.4126,0.31469,0.25662,0.017516,0.0010975,-33.242,phenomenological,0.06,,,,,,,,,,0,1,45,64,219.4,3.6,18.85,47.163,False
UGC09133,D,Unresolved (bulge / non-nested),extreme window parameters,64.008,4.7081,0.22164,0.035075,3.8593e-08,-3915.8,phenomenological,0.06,,,,,,,,,,2,1,68,53,226.8,6.97,80.515,202.03,False
DDO168,E,Double (two-L reset),rising window (p<0),2.92,1.8392,0.23545,0.14197,0.5,-7.719,weakly constrained,1.6732,0.57825,,,,,,,,2.0665,10,2,10,63,53.4,1.02,0,0.64479,True
ESO444-G084,E,Double (two-L reset),rising window (p<0),3.1442,0.36126,0.22746,0.066114,0.68619,-10.746,weakly constrained,0.84229,0.28774,,,,,,,,2.3439,10,2,7,32,0,0.46,0,0.21505,True
NGC0801,E,Single-L + descent,CL + Kepler descent,10.805,1.5434,0.17473,0.073772,0.62324,-99.83,clean,1.132,4.4195,,,,,,,,18.013,5,1,13,80,220.1,8.72,0,187.14,True
NGC2683,E,Single-L + descent,CL + Kepler descent,10.79,1.1096,0.32118,0.088414,0.94876,-84.551,weakly constrained,0.02,0.054395,,,,,,,,22.347,3,2,11,80,154,2.18,5.3862,43.155,True
NGC2955,E,Unresolved (bulge / non-nested),extreme window parameters,3.0589,1.9075,0.11096,0.064691,0.33818,-20.248,phenomenological,0.69242,3.7793,,,,,,,,10.3,3,1,24,56,0,18.76,71.019,212.42,False
NGC2998,E,Single-L + descent,CL + Kepler descent,1.982,0.91316,0.25034,0.25271,0.30088,-8.454,weakly constrained,1.0199,3.6375,,,,,,,,4.6304,5,1,13,58,209.9,6.2,0,106.64,True
NGC3893,E,Single-L,extra scatter (sigma_int),1.452,1.452,0.12806,0.12806,0.28707,0,single-L kept,1.0757,3.1508,,,,,,,,5.6049,5,1,10,49,174,2.38,0,36.975,True
NGC4051,E,Single-L,extra scatter (sigma_int),2.6081,2.6081,0.26986,0.26986,0.358,0,single-L kept,2.498,5.8223,,,,,,,,10.424,4,2,7,49,157,4.65,0,51.221,True
NGC6195,E,Multi-region,two windows,1.8327,0.61911,0.12106,0.039281,0.24881,-15.419,weakly constrained,0.49428,2.3875,,,,,,,,5.0531,3,1,23,62,251.7,13.94,104.58,244.26,False
UGC00191,E,Double (two-L reset),rising window (p<0),3.2558,1.9746,0.13061,0.10904,0.5,-8.523,weakly constrained,1.2478,0.71203,,,,,,,,2.2423,9,1,9,45,0,1.58,0,2.7882,True
UGC00634,E,Single-L,extra scatter (sigma_int),1.8612,1.8612,0.035449,0.035449,0.88966,0,single-L kept,4.5474,5.1919,,,,,,,,1.3925,9,2,4,37,0,2.45,0,6.3663,True
UGC00891,E,Single-L,extra scatter (sigma_int),1.0726,1.0726,0.10758,0.10758,0.79289,0,single-L kept,2.9349,1.2256,,,,,,,,0.24963,9,2,5,60,0,1.43,0,0.75624,True
UGC02455,E,Single-L,extra scatter (sigma_int),1.5951,1.5951,0.36886,0.36886,0.074679,0,single-L kept,3.4344,2.2831,,,,,,,,2.8079,10,3,8,51,0,0.99,0,2.8925,True
UGC05716,E,Double (two-L reset),rising window (p<0),9.2817,1.8522,0.2494,0.049033,0.30135,-73.029,clean,2.4104,1.1409,,,,,,,,3.599,9,2,12,54,73.1,1.14,0,1.749,True
UGC05764,E,Multi-region,two windows,3.7936,1.8106,0.19432,0.027401,0.74365,-13.896,weakly constrained,0.82178,0.23789,,,,,,,,2.5722,10,2,10,60,0,1.17,0,0.25929,True
UGC11820,E,Double (two-L reset),rising window (p<0),6.7225,0.14134,0.66412,0.15879,0.80037,-48.327,clean,4.641,3.0488,,,,,,,,9.597,9,1,10,45,0,2.08,0,3.1144,True
UGCA442,E,Single-L,extra scatter (sigma_int),1.4691,1.4691,0.2145,0.2145,0.26832,0,single-L kept,1.6338,0.49048,,,,,,,,1.2925,9,1,8,64,56.4,1.18,0,0.41979,True
