galaxy,table,family,model,k,chi2,AIC,BIC,RMS
UGC 1281,V,CL,Original (no virial),2,0.617,4.62,7.05,6.55
UGC 1281,V,CL,Mixed + virial (r ≥ 3 kpc),4,0.183,8.18,13.06,6.3
UGC 1281,V,MOND,MOND (Plummer + µsimple),2,2.67,6.67,9.11,23.36
NGC 2366,VII,CL,"Inflow (R,M)",2,11.26,15.26,17.0,0.166
NGC 2366,VII,CL,Inflow +virial window (p = −1),3,6.37,12.37,14.7,0.154
NGC 2366,IX,MOND,"MOND (Plummer, k=2)",2,31.32,35.32,37.84,0.215
NGC 2366,IX,DM,DM iso–core (k=2),2,26.57,30.57,33.08,0.169
ESO079–G014 (NGC 360),XV,CL,"Inflow (R,M)",2,14.521,18.521,19.937,0.345
ESO079–G014 (NGC 360),XV,CL,"Inflow (R,M,ΦBH)",3,4.409,10.409,12.533,0.148
ESO079–G014 (NGC 360),XV,DM,"DM: ISO core (rc,ρ0)",2,19.09,23.09,24.05,0.279
ESO079–G014 (NGC 360),XV,MOND,MOND (Plummer),2,11.03,15.03,16.45,0.245
F579–V1,XIX,CL,"Inflow (R,M)",2,1.179,5.18,6.46,0.108
F579–V1,XIX,CL,Inflow +ΦBH,3,0.428,6.43,8.35,0.032
F579–V1,XIX,MOND,MOND (Plummer),2,2.41,6.41,7.69,0.094
F579–V1,XIX,DM,DM iso–core,2,0.323,4.32,5.6,0.042
UGC 4278 (IC 2233),XXI,CL,Inflow: two–L (bulge band),4,1.222,9.22,14.1,0.078
UGC 4278 (IC 2233),XXI,CL,"Inflow: single (R,M)",2,45.35,49.35,51.79,0.38
UGC 4278 (IC 2233),XXI,MOND,MOND (Plummer),2,17.85,21.85,24.28,0.207
UGC 4278 (IC 2233),XXI,DM,DM: NFW,2,35.94,39.94,42.37,0.929
NGC 3917,XXV,CL,"Inflow (R,M)",2,5.974,9.974,11.64,0.0404
NGC 3917,XXV,CL,Inflow + virial (p = +1),3,4.3,10.3,12.8,0.0345
NGC 3917,XXV,MOND,MOND (Plummer),2,24.151,28.151,29.817,0.2563
NGC 3917,XXV,DM,DM: NFW,2,157.672,161.672,163.338,0.6627
NGC 24,XXVII,CL,"Inflow (R,M)",2,6.417,10.42,13.15,0.085
NGC 24,XXVII,CL,Inflow + virial (2–3 kpc),3,2.842,8.84,12.94,0.0612
NGC 24,XXVII,MOND,MOND (Plummer),2,7.148,11.15,13.88,0.15
NGC 24,XXVII,DM,DM: ISO core,2,16.25,20.25,22.99,0.261
NGC 2976,XXXI,CL,"Inflow (R,M)",2,11.777,15.777,18.369,0.1547
NGC 2976,XXXI,CL,"Inflow + virial [1.0,2.2]",3,5.864,11.864,15.746,0.126
NGC 2976,XXXI,MOND,MOND (Plummer),2,22.848,26.848,29.44,0.264
NGC 2976,XXXI,DM,DM: ISO core,2,15.135,19.135,21.726,0.1199
UGC 8286,XXXIII,CL,"Inflow (R,M)",2,2.296,6.296,7.963,0.0275
UGC 8286,XXXIII,CL,"Inflow + virial [2,4], p = +1",3,0.84,6.84,9.339,0.0192
UGC 8286,XXXIII,CL,"Inflow + virial [2,4], p = −1",3,3.061,9.061,11.561,0.0273
UGC 8286,XXXV,MOND,MOND (Plummer),2,11.458,15.458,17.124,0.1216
UGC 8286,XXXV,DM,DM: ISO core,2,14.238,18.238,19.904,0.1551
UGC 12632,XXXIX,CL,"Inflow (R,M)",2,3.692,7.692,9.108,0.179
UGC 12632,XXXIX,CL,"Inflow (R,M,ΦBH)",3,1.638,7.638,9.763,0.0478
UGC 12632,XXXIX,CL,"Inflow +virial [3,10] kpc, p = −1",4,0.913,8.913,11.745,0.0244
UGC 12632,XXXIX,MOND,MOND (Plummer),2,1.273,5.273,6.689,0.0702
UGC 12632,XXXIX,DM,DM: ISO core,2,0.935,4.935,6.351,0.0866
F574–1,XLIII,CL,"Inflow (R,M)",2,1.878,5.878,7.156,0.109
F574–1,XLIII,CL,Inflow +ΦBH+ virial,4,0.587,8.587,11.143,0.0397
F574–1,XLIII,MOND,MOND (Plummer),2,1.543,5.543,6.821,0.135
F574–1,XLIII,DM,DM: ISO core,2,1.22,5.22,6.498,0.0591
UGCA 444,XLV,CL,"Single (R,M)",2,8.95,12.95,16.12,0.223
UGCA 444,XLV,CL,Two–L piecewise,4,2.974,10.974,17.308,0.17
UGCA 444,XLV,CL,Two–L piecewise +ΦBH,5,0.947,10.947,18.865,0.063
UGCA 444,XLVII,CL,"Inflow (R,M)",2,8.95,12.95,16.12,0.223
UGCA 444,XLVII,CL,Two–L piecewise,4,2.97,10.97,17.31,0.17
UGCA 444,XLVII,CL,Two–L piecewise +ΦBH,5,0.95,10.95,18.87,0.062
UGCA 444,XLVII,MOND,MOND (Plummer),2,2.32,6.32,9.48,0.096
UGCA 444,XLVII,DM,DM: ISO core,2,3.32,7.32,10.49,0.148
NGC 55,LI,CL,"Inflow (R,M)",2,19.77,23.77,25.86,0.135
NGC 55,LI,CL,Inflow +ΦBH+virial (rv = 7 kpc),4,1.67,9.67,13.85,0.0375
NGC 55,LI,MOND,MOND (Plummer),2,9.22,13.22,15.31,0.056
NGC 55,LI,DM,DM: ISO core,2,13.2,17.2,19.29,0.0803
NGC 247,LV,CL,"(1) Inflow (R,M)",2,205.71,209.71,212.22,0.243
NGC 247,LV,CL,(2) Two–L (full first) + ΦBH,5,1.77,11.77,18.06,0.0264
NGC 247,LV,CL,"(3) Two–L (full first), no offset",4,9.56,17.56,22.59,0.0381
NGC 247,LVI,CL,"Two–L, full first + ΦBH",5,1.77,11.77,18.06,0.0264
NGC 247,LVI,CL,"Two–L, full first (no ΦBH)",4,9.56,17.56,22.59,0.0381
NGC 247,LVI,MOND,MOND (Plummer),2,106.95,110.95,113.47,0.1671
NGC 247,LVI,DM,DM: ISO core,2,77.04,81.04,83.56,0.1478
NGC 247,LVIII,CL,Inflow two–L + ΦBH,5,1.77,11.77,18.06,0.0264
NGC 247,LVIII,MOND,MOND (2×Plummer + EFE),5,18.4,28.4,34.69,0.06
NGC 247,LVIII,DM,DM: gNFW + 2 baryon masses,5,30.03,40.03,46.32,0.0744
NGC 3877,LXIII,CL,"Inflow (R,M)",2,1.6,5.6,6.73,0.062
NGC 3877,LXIII,MOND,MOND (Plummer),2,6.57,10.57,11.7,0.263
NGC 3877,LXIII,DM,DM: ISO core,2,14.6,18.6,19.73,0.288
UGC 5005,LXVII,CL,"Inflow (R,M)",2,1.741,5.741,6.536,0.278
UGC 5005,LXVII,CL,Two–L (no offset),4,0.458,8.46,10.05,0.17
UGC 5005,LXVII,CL,Two–L + ΦBH,5,0.21,10.21,12.2,0.0565
UGC 5005,LXVII,MOND,MOND (Plummer),2,0.207,4.207,5.003,0.0435
UGC 5005,LXVII,DM,DM: ISO core,2,0.509,4.509,5.305,0.149
UGC 7524,LXX,CL,"(1) Inflow (R,M)",2,31.11,35.11,37.98,0.249
UGC 7524,LXX,CL,"(2) Two–L (R1,M1;R2,M2)",4,7.62,15.62,21.36,0.127
UGC 7524,LXX,CL,(3) Two–L + ΦBH,5,5.61,15.61,22.78,0.085
UGC 7524,LXXII,CL,"Inflow (R,M)",2,31.11,35.11,37.98,0.249
UGC 7524,LXXII,CL,"Two–L (R1,M1;R2,M2)",4,7.62,15.62,21.36,0.127
UGC 7524,LXXII,CL,Two–L + ΦBH,5,5.61,15.61,22.78,0.085
UGC 7524,LXXII,MOND,MOND (Plummer),2,7.71,11.71,14.57,0.113
UGC 7524,LXXII,DM,DM: ISO core,2,12.82,16.82,19.69,0.165
DDO 161,LXXIV,CL,"(1) Inflow (R,M)",2,62.4,66.4,69.27,0.348
DDO 161,LXXIV,CL,(2) Two–L (piecewise),4,10.39,18.39,24.13,0.0958
DDO 161,LXXIV,CL,(3) Two–L + ΦBH,5,8.44,18.44,25.61,0.0402
DDO 161,LXXV,CL,"Inflow (R,M)",2,62.4,66.4,69.27,0.348
DDO 161,LXXV,CL,Two–L (piecewise),4,10.39,18.39,24.13,0.0958
DDO 161,LXXV,CL,Two–L + ΦBH,5,8.44,18.44,25.61,0.0402
DDO 161,LXXV,MOND,MOND (Plummer),2,16.48,20.48,23.35,0.14
DDO 161,LXXV,DM,DM: ISO core,2,25.41,29.41,32.27,0.196
NGC 3741,LXXVIII,CL,"Inflow (R,M)",2,19.92,23.92,26.01,0.144
NGC 3741,LXXVIII,CL,Two–L + ΦBH,5,4.75,14.75,19.97,0.0687
NGC 3741,LXXX,CL,Two–L + ΦBH (piecewise),5,4.75,14.75,19.97,0.0687
NGC 3741,LXXX,MOND,MOND (Plummer),2,28.62,32.62,34.71,0.25
NGC 3741,LXXX,DM,DM: ISO core,2,34.81,38.81,40.9,0.279
NGC 3109,LXXXII,CL,"Inflow (R,M)",2,16.5,20.5,22.85,0.1265
NGC 3109,LXXXII,CL,Two–L + ΦBH (piecewise),5,7.84,17.84,23.06,0.071
NGC 3109,LXXXIV,MOND,MOND (Plummer),2,14.58,18.58,20.93,0.1518
NGC 3109,LXXXIV,DM,DM: ISO core,2,3.78,7.78,10.14,0.073
D631–7,LXXXVI,CL,"Inflow (R,M)",2,18.7,22.7,24.24,0.184
D631–7,LXXXVI,CL,Two–L (piecewise),4,2.696,10.7,13.79,0.0491
D631–7,LXXXVIII,CL,Inflow two–L (piecewise),4,2.696,10.7,13.79,0.0491
D631–7,LXXXVIII,MOND,MOND (Plummer),2,5.425,9.425,10.97,0.168
D631–7,LXXXVIII,DM,DM: ISO core,2,3.817,7.817,9.362,0.068
IC 2574,XC,CL,"Inflow (R,M)",2,446.81,450.81,453.86,0.21
IC 2574,XC,CL,Two–L (piecewise),4,40.07,48.07,54.17,0.109
IC 2574,XCI,CL,Inflow two–L (piecewise),4,40.07,48.07,54.17,0.109
IC 2574,XCI,MOND,MOND (Plummer),2,69.15,73.15,76.2,0.112
IC 2574,XCI,DM,DM: ISO core,2,158.03,162.03,165.08,0.12
F571–8,XCVI,CL,"Inflow: single (R,M)",2,41.72,45.72,46.85,0.347
F571–8,XCVI,CL,Inflow: two–L (piecewise),4,3.95,11.95,14.21,0.133
F571–8,XCVI,MOND,MOND (Plummer,2,38.1,42.1,43.23,0.332
F571–8,XCVI,DM,DM: ISO core,2,13.78,17.78,18.91,0.228
F583–4,XCVIII,CL,"Inflow (R,M)",2,5.58,9.58,10.55,0.239
F583–4,XCVIII,CL,"Two–L (R1,M1,ΦBH)/(R2,M2)",5,0.828,10.83,13.25,0.039
F583–4,C,CL,"Inflow two–L (R1,M1,ΦBH)/(R2,M2)",5,0.828,10.83,13.25,0.039
F583–4,C,MOND,MOND (Plummer),2,9.8,13.8,14.77,0.297
F583–4,C,DM,DM: ISO core,2,2.73,6.73,7.7,0.16
UGC 6446,CIII,CL,"Inflow (R,M)",2,0.367,4.367,6.033,0.147
UGC 6446,CIII,CL,Inflow two–L,4,0.03,8.03,11.363,0.0419
UGC 6446,CIII,MOND,MOND (Plummer),2,0.879,4.879,6.546,0.227
UGC 6446,CIII,DM,DM: ISO core,2,0.075,4.075,5.741,0.066
NGC 3972,CVI,CL,"Single (R,M)",2,11.34,15.34,15.95,0.138
NGC 3972,CVI,CL,Two–L (piecewise),4,1.24,9.24,10.45,0.051
NGC 3972,CVIII,CL,"Inflow: single (R,M)",2,11.34,15.34,15.95,0.138
NGC 3972,CVIII,CL,Inflow: two–L (piecewise),4,1.24,9.24,10.45,0.051
NGC 3972,CVIII,MOND,MOND (Plummer),2,8.1,12.1,12.71,0.102
NGC 3972,CVIII,DM,DM: ISO core + baryons,2,6.85,10.85,11.46,0.09
UGC 5829,CX,CL,"Inflow (R,M)",2,7.44,11.44,12.24,0.285
UGC 5829,CX,CL,"Two–L (R1,M1)/(R2,M2)",4,0.975,8.975,10.57,0.097
UGC 5829,CXII,CL,"Two–L inflow (R1,M1)/(R2,M2)",4,0.975,8.975,10.57,0.097
UGC 5829,CXII,MOND,MOND (Plummer),2,1.47,5.47,6.26,0.112
UGC 5829,CXII,DM,DM iso–core,2,2.72,6.72,7.52,0.173
UGC 12732,CXIV,CL,"Single inflow (R,M)",2,39.39,43.39,44.19,0.209
UGC 12732,CXIV,CL,Two–L inflow,4,10.95,18.95,20.54,0.127
UGC 12732,CXIV,CL,Two–L + ΦBH,5,2.92,12.92,15.09,0.051
UGC 12732,CXVI,CL,Three–L +ΦBH,7,1.35,15.35,18.32,0.029
UGC 12732,CXIX,MOND,"MOND (Plummer, k=2)",2,24.72,28.72,30.26,0.157
UGC 12732,CXIX,DM,DM iso–core (k=2),2,17.92,21.92,23.47,0.124
UGC 6628,CXXIII,CL,"Single–L (R,M)",2,0.024,4.024,3.916,0.024
UGC 6628,CXXIII,MOND,MOND (Plummer),2,0.03,4.03,3.922,0.032
UGC 6628,CXXIII,DM,DM iso–core,2,0.114,4.114,4.006,0.06
UGC 7577,CXXVII,CL,"Single–L (R,M)",2,0.443,4.44,4.84,0.272
UGC 7577,CXXVII,CL,Single–L +ΦBH,3,0.048,6.05,6.64,0.076
UGC 7577,CXXVII,MOND,MOND (Plummer,2,0.127,4.13,4.52,0.095
UGC 7577,CXXVII,DM,DM iso–core,2,0.237,4.24,4.63,0.219
F574–2,CXXIX,CL,"Inflow (R,M)",2,0.099,4.1,3.32,0.143
F574–2,CXXIX,CL,Inflow +ΦBH,3,0.0376,6.04,4.87,0.077
F574–2,CXXIX,MOND,MOND (Plummer),2,0.0198,4.02,3.24,0.087
F574–2,CXXIX,DM,DM iso–core,2,0.0033,4.0,3.22,0.017
UGC 5999,CXXXI,CL,"Inflow (R,M)",2,0.063,4.06,3.28,0.013
UGC 5999,CXXXI,CL,Inflow +ΦBH,3,0.054,6.05,4.88,0.011
UGC 5999,CXXXI,MOND,MOND (Plummer),2,1.704,5.7,4.92,0.099
UGC 5999,CXXXI,DM,DM iso–core,2,1.599,5.6,4.82,0.089
UGC 11914,CXXXIII,CL,Single–L baseline,2,183.1,187.1,191.9,0.065
UGC 11914,CXXXIII,CL,Single–L + ΦBH+inner virial,4,179.8,187.8,196.0,0.056
UGC 11914,CXXXIII,CL,Two–L + ΦBH+inner/outer virials,6,14.0,26.0,39.3,0.03
UGC 11914,CXXXV,CL,Inflow: single–L baseline,2,183.1,187.1,191.9,0.065
UGC 11914,CXXXV,CL,Inflow: single–L + ΦBH+inner virial,4,179.8,187.8,196.0,0.056
UGC 11914,CXXXV,CL,Inflow: two–L + ΦBH+inner/outer virials,6,14.0,26.0,39.3,0.03
UGC 11914,CXXXV,MOND,MOND (Plummer),2,2111.9,2115.9,2120.3,0.223
UGC 11914,CXXXV,DM,DM: ISO core,2,584.8,588.8,593.1,0.341
UGC 1281,V,DM,DM: NFW halo,2,75.02,79.02,81.46,
