Galaxy,T,Q,Inc,n,double_2018,r_cross1,A_pmp,p_runs1,M,eM,R,eR,chi2_1,chi2nu1,BIC1,AIC1,RMS1,DW1,M1,eM1,R1,eR1,M2,eM2,R2,eR2,sM1,sR1,sM2,sR2,jM1,jR1,jM2,jR2,jk_shift,rho_M1R1,rho_M2R2,rho_R1R2,vL1,evL1,vL2,evL2,jump,n_bulge,n_bar,n_disk,chi2_2,chi2nu2,BIC2,AIC2,RMS2,p_runs2,DW2,p_SW2,P_low2,maxz2,Phi,ePhi,chi2_3,chi2nu3,BIC3,AIC3,RMS3,p_runs3,dBIC,dAIC,dBIC_phi,M1_Hz0,R1_Hz0,M2_Hz0,R2_Hz0,Vflat,Mbar,Rdisk,Reff,RHI,accepted,tentative,flagN,flagM,relM1,relR1,relM2,relR2,relvL1,relvL2,grade,outcome,R2_lo,R2_hi,M2_lo,M2_hi,prof_min_better,n_islands,eR2p,eM2p,jk_rel_max
D631-7,10,1,59,16,True,2.69,1,0.0023389,0.79012,0.080193,2.445,0.12826,18.684,1.3346,24.229,22.684,0.18386,0.33442,0.24205,0.055585,1.4263,0.16266,1.1459,0.15113,3.015,0.19776,0.015046,0.033149,0.071261,0.069978,0.050588,0.13237,0.11832,0.16678,0.80006,0.96867,0.97681,0,46.675,2.8539,69.776,2.41,0.082865,3,3,10,2.6922,0.22435,13.783,10.692,0.049049,0.15031,1.3325,0.083494,0.0026456,0.64624,1.0281,32.719,2.6913,0.24466,16.554,12.691,0.04947,0.15031,-10.446,-11.992,2.7717,0.24302,1.4307,1.1527,3.0287,57.7,0.4837,0.7,1.22,0,True,False,False,False,0.22964,0.11404,0.13189,0.065592,0.061144,0.034539,I,clean nested two-L,2.8149,3.1342,1.0047,1.238,False,1,0.19776,0.15113,0.209
DDO154,10,2,64,12,False,1.97,0.83333,0.038384,0.4093,0.01167,1.7632,0.031998,74.331,7.4331,79.301,78.331,0.20953,0.66781,0.18044,0.046989,1.1961,0.12896,0.48606,0.0022077,1.97,4.0283e-05,0.012269,0.059214,0.033051,0.097525,0.063485,0.20093,0.011915,0.026525,517.28,0.9888,0.007251,-0.84066,44.018,3.4012,56.259,0.12813,-0.088346,2,2,8,27.8,3.4751,37.74,35.8,0.14116,0.27241,0.76168,0.49831,0.99949,3.4635,128.03,43.234,21.712,3.1017,34.136,31.712,0.066531,0.54146,-41.561,-42.53,-3.6039,0.17939,1.1938,0.48556,1.97,47,0.39225,0.37,0.65,4.96,True,True,False,True,0.26042,0.10781,0.004542,0.0013623,0.077267,0.0022775,IIM,"two-L, needs more regions",1.97,1.9754,0.48602,0.48815,False,1,0.0026838,0.0022077,0.35183
DDO161,10,1,70,31,True,3.9,0.90323,9.0202e-05,1.6485,0.083106,3.84,0.13367,62.324,2.1491,69.192,66.324,0.34761,0.27449,0.19628,0.044244,1.2598,0.15798,1.916,0.10218,4.2715,0.15261,0.061105,0.37627,0.59199,1.2684,0.036407,0.12859,0.079937,0.10259,0.62357,0.95871,0.98528,0,44.732,2.4792,75.721,0.71646,0.18186,5,6,20,10.39,0.38482,24.126,18.39,0.095662,0.001027,0.60058,0.63235,0.0016827,1.2452,155.77,91.882,8.4095,0.32344,25.579,18.41,0.039154,0.062005,-45.066,-47.934,1.4533,0.19725,1.2641,1.9388,4.3062,66.3,2.1067,1.22,2.04,10.69,True,False,False,False,0.22541,0.12541,0.05333,0.035727,0.055424,0.0094619,I,clean nested two-L,4.1194,4.2889,1.8172,1.9275,False,1,0.15261,0.10218,0.18549
ESO079-G014,4,1,79,15,False,5.65,0.93333,0.0093345,15.872,0.83874,5.0858,0.1841,14.521,1.117,19.937,18.521,0.34527,0.65954,5.6463,2.2235,3.3905,0.5066,17.921,1.2058,5.5512,0.25583,1.4139,0.84484,4.4717,1.3806,4.0248,1.4266,1.0146,0.20103,2.985,0.98449,0.98537,0,146.3,18.143,203.63,2.3531,0.0861,5,1,9,7.9121,0.71928,18.744,15.912,0.31823,0.10897,0.59986,0.99834,0.27884,1.6344,1306.5,577.2,2.7298,0.27298,16.27,12.73,0.10511,0.21484,-1.1925,-2.6086,-2.4742,5.6595,3.3975,18.017,5.5716,175,30.043,5.08,7.23,17.67,False,False,False,False,0.3938,0.14942,,,0.12401,0.011556,--,single-L kept,,,,,,,,,0.71282
ESO116-G012,7,1,74,15,False,2.68,1,0.0070822,2.1751,0.12606,1.9694,0.080115,33.414,2.5703,38.83,37.414,0.25926,0.62815,0.41155,0.11142,0.92657,0.12684,2.8167,0.20652,2.3905,0.1222,0.12369,0.27751,0.84353,0.71444,0.93852,0.82132,0.23678,0.15067,8.328,0.9668,0.97797,0,75.626,5.3939,123.1,1.5733,0.1883,2,2,11,16.336,1.4851,27.168,24.336,0.1937,0.092052,1.8038,0.8964,0.87088,2.097,431.82,139.37,7.6601,0.76601,21.2,17.66,0.079276,0.21484,-11.662,-13.078,-5.9676,0.41223,0.92774,2.8293,2.3976,109.1,3.5864,1.51,2.75,9.58,True,False,False,False,0.27074,0.13689,0.07332,0.051119,0.071324,0.01278,II,clean nested two-L,2.2858,2.4733,2.6461,2.9551,False,1,0.1222,0.20652,2.2805
F568-1,5,1,26,12,False,3.08,1,0.0077151,4.2867,0.80986,2.6713,0.31686,0.53932,0.053932,5.5091,4.5393,0.093561,0.69444,1.2989,1.5385,1.6926,0.83675,4.7338,1.1823,2.8723,0.47988,0.3841,0.18071,1.4007,0.30627,0.21397,0.14854,0.16377,0.056452,0.19009,0.98312,0.96983,0,99.367,34.972,145.59,7.021,0.17592,2,1,9,0.18042,0.022553,10.12,8.1804,0.041944,0.12608,0.59431,0.62541,2.5677e-06,0.28816,29.77,337.02,0.17262,0.02466,12.597,10.173,0.030896,0.11294,4.6109,3.6411,2.4771,1.3012,1.6952,4.7535,2.8801,0,9.1083,5.18,7,16.31,False,False,False,False,1.1844,0.49436,,,0.35195,0.048226,--,single-L kept,,,,,,,,,0.16473
F568-3,7,1,40,18,False,5.39,0.94444,0.013766,3.8604,0.53749,3.6495,0.23772,3.0823,0.19264,8.863,7.0823,0.092371,0.69735,4.0159,1.1342,3.6987,0.4153,11.399,5.8213,7.685,2.1936,1.2556,0.36871,3.57,0.763,0.54245,0.24858,1.8921,0.67929,0.57921,0.97877,0.98871,0,118.05,10.268,137.7,15.906,-0.33545,7,5,6,1.3269,0.094779,12.888,9.3269,0.07302,0.2261,1.3703,0.36426,6.2996e-06,0.61011,-79.058,170.34,1.1501,0.088466,15.602,11.15,0.14224,0.21252,4.0254,2.2446,2.7135,4.0293,3.7092,11.505,7.7368,0,8.4223,4.99,7.47,16.14,False,False,False,False,0.28242,0.11228,,,0.086976,0.11551,--,single-L kept,,,,,,,,,0.16599
F571-8,5,1,85,13,True,3.44,1,0.0046387,5.2652,0.48578,3.0842,0.17976,41.732,3.7939,46.862,45.732,0.34667,0.60616,0.6872,0.16599,1.1363,0.14628,8.1563,0.98708,4.134,0.30471,0.13767,0.22768,1.6283,0.82634,0.32164,0.21496,0.68199,0.22647,1.763,0.95698,0.97683,0,88.242,5.4716,159.21,4.0861,0.32476,2,4,7,3.9563,0.43958,14.216,11.956,0.1324,0.23893,1.563,0.8473,0.085732,0.95339,98.678,177.55,3.6691,0.45863,16.494,13.669,0.10243,0.39391,-32.646,-33.776,2.2777,0.68881,1.1381,8.1999,4.149,139.7,7.4521,3.56,1.4,24.55,True,True,False,False,0.24155,0.12873,0.12102,0.073708,0.062007,0.025665,II,clean nested two-L,3.7194,4.3257,6.9005,8.7778,False,1,0.30471,0.98708,0.46804
F574-1,7,1,65,14,False,2.35,1,0.0028604,1.9898,0.19817,2.3142,0.15868,1.8822,0.15685,7.1604,5.8822,0.10898,0.80945,0.85939,0.42944,1.6224,0.35006,2.2539,0.39929,2.5483,0.33363,0.13395,0.16192,0.35105,0.25358,0.20177,0.23084,0.1604,0.14096,0.69892,0.97208,0.98569,0,82.537,12.141,106.62,2.8039,-0.035847,2,1,11,0.34251,0.034251,10.899,8.3425,0.051617,0.052027,1.0425,0.95748,1.0647e-06,0.32326,53.226,157.93,0.22892,0.025436,13.424,10.229,0.012873,0.069136,3.7384,2.4603,2.5255,0.86124,1.6253,2.2694,2.5598,97.8,7.9554,4.46,5.87,16.19,False,False,False,False,0.49971,0.21576,,,0.14709,0.026299,--,single-L kept,,,,,,,,,0.23478
F579-V1,5,1,26,14,False,2.11,0.92857,0.0027034,0.99981,0.29118,0.98341,0.234,1.1795,0.098295,6.4577,5.1795,0.10772,0.981,0.97007,0,0.83243,0,1.1493,0.33846,1.1063,0.2629,0.44174,0.083123,0.52368,0.11028,0.29632,0.083172,0.1511,0.12279,0.47977,-inf,0.98193,,122.55,,115.69,4.3789,-0.40435,1,0,13,0.4275,0.04275,10.984,8.4275,0.032402,0.0034365,0.73533,0.34748,3.113e-06,0.36675,727.25,794,0.41961,0.046624,13.615,10.42,0.031913,0.0034365,4.5261,3.248,2.6312,0.8988,0.81182,1.1547,1.1096,112.1,8.9099,3.37,5.76,20.96,False,False,False,False,0,0,,,,0.037851,--,single-L kept,,,,,,,,,0.30546
IC2574,9,2,75,34,True,4.84,0.94118,6.8308e-06,2.5821,0.1206,5.4353,0.099148,420.08,13.128,427.14,424.08,0.25128,0.92007,0.51763,0.020748,2.5538,0.054354,3.1562,0.036928,5.97,3.8896e-05,0.036516,0.13063,0.22288,0.30537,0.072259,0.20034,0.53577,0.39198,7455.9,0.95374,0.21664,0,50.927,0.52798,82.095,0.48311,0.20154,7,11,16,38.933,1.2978,53.039,46.933,0.10691,0.22347,1.413,0.13486,0.87277,2.8976,23.035,6.1635,27.546,0.94988,45.178,37.546,0.085985,0.34785,-374.1,-377.15,-7.8607,0.51763,2.5538,3.1562,5.97,66.4,1.8859,2.78,3.18,10.81,True,False,False,False,0.040082,0.021283,0.0117,0.0010728,0.010367,0.0058848,I,clean nested two-L,5.9572,5.97,3.1414,3.1659,False,2,0.0064046,0.036928,0.16975
KK98-251,10,2,59,15,False,1.24,0.93333,0.012804,0.22847,0.037933,1.5526,0.11415,2.282,0.17554,7.6981,6.282,0.066328,0.95151,0.25308,0.052074,1.6116,0.13766,0.64315,0,2.8181,0,0.078925,0.48135,0.19347,0.85182,0.02503,0.059064,0.15454,0.17875,0.39464,0.97391,-inf,,44.88,2.7824,54.031,,-0.22294,9,5,1,1.4238,0.12944,12.256,9.4238,0.062162,0.036562,1.2011,0.7462,0.00029476,0.73826,4.216,14.246,1.3352,0.13352,14.875,11.335,0.055965,0.092052,4.5579,3.1418,2.6194,0.25413,1.617,0.71443,2.9422,33.7,0.19545,1.34,1.28,2.9,False,False,False,False,0.20576,0.085421,,,0.061997,,--,single-L kept,,,,,,,,,0.24029
NGC0055,9,2,77,21,False,3.07,1,0.00013213,2.1177,0.11736,3.1389,0.10037,19.779,1.041,25.868,23.779,0.13539,0.51507,0.38146,0.11136,1.5158,0.24631,2.7187,0.043017,3.68,4.8227e-05,0.021452,0.079024,0.15289,0.19185,0.23877,0.30769,0.17628,0.15,2195,0.98747,0.096759,0,56.857,3.7974,97.327,0.77234,0.34028,1,3,17,5.5823,0.32837,17.76,13.582,0.056466,0.0069864,1.2116,0.18202,0.0044189,1.1854,592.76,205.01,3.7017,0.23136,18.924,13.702,0.045211,0.02493,-8.108,-10.197,1.1639,0.38146,1.5158,2.7187,3.68,85.6,4.3955,6.11,3.67,10.24,True,False,False,False,0.29194,0.16249,0.035692,0.022096,0.06679,0.0079355,II,clean nested two-L,3.5174,3.68,2.523,2.7171,False,1,0.081315,0.097035,0.62594
NGC0100,6,1,89,21,False,2.51,0.90476,0.0024633,1.5583,0.16424,2.2744,0.14219,7.095,0.37342,13.184,11.095,0.14568,0.55358,0.53153,0.19515,1.4288,0.24296,1.9295,0.30263,2.6241,0.25663,0.15891,0.4275,0.57474,0.7834,0.10604,0.12984,0.081816,0.065079,0.45219,0.97289,0.97913,0,69.162,7.1011,97.185,3.1102,0.030245,3,3,15,1.2104,0.071202,13.389,9.2104,0.046384,0.022262,0.90388,0.80932,6.8421e-08,0.4816,17.561,105.52,1.1842,0.074013,16.407,11.184,0.06622,0.059348,0.20445,-1.8846,3.0183,0.53295,1.4318,1.9402,2.6341,88.1,4.2627,1.66,2.81,16.36,False,False,False,False,0.36715,0.17004,,,0.10267,0.032003,--,single-L kept,,,,,,,,,0.1995
NGC0247,7,2,74,26,True,2.15,1,8.7067e-06,1.0545,0.035255,1.7588,0.034499,205.93,8.5805,212.45,209.93,0.2433,0.37081,0.83476,0.030888,1.5878,0.032262,6.3692,0.96435,5.4229,0.4692,0.048212,0.081348,0.36698,0.27704,0.091385,0.12746,0.76197,0.36894,3.7913,0.93944,0.99081,0,82.23,0.78949,122.65,4.0693,-0.082315,1,8,17,9.5091,0.43223,22.541,17.509,0.038174,0.0051998,1.9871,6.0358e-06,0.0097637,2.4785,358.87,126.83,1.5263,0.072681,17.817,11.526,0.027677,0.0081376,-189.91,-192.42,-4.7247,0.83746,1.5913,6.4116,5.4499,104.9,5.9882,3.74,5.87,12.79,True,False,False,False,0.037003,0.020319,0.15141,0.086522,0.009601,0.033178,II,clean nested two-L,5.4229,6.1931,6.3692,8.0534,False,2,0.4692,0.96435,0.11963
NGC1003,6,1,67,36,False,9.54,0.91667,0.00010106,2.6375,0.13752,2.798,0.12273,167.05,4.9131,174.21,171.05,0.14763,0.25028,1.7967,0.12147,2.1192,0.12048,39.764,0.48366,20.29,0.00016983,0.59327,0.68768,12.374,6.087,0.26686,0.24228,5.979,1.6409,5122.6,0.98863,0.0013875,-0.071346,104.42,0.73846,157.33,0.96707,-0.19227,2,22,12,88.632,2.7697,102.97,96.632,0.11377,1.3305e-05,0.38301,0.046266,1,3.1516,3369.8,548.66,31.713,1.023,49.63,41.713,0.12518,0.0015416,-71.247,-74.415,-53.336,1.8517,2.1703,39.411,20.29,109.8,11.23,1.61,2.76,33.33,True,False,False,True,0.067609,0.05685,0.012163,0.0018989,0.0070723,0.0061467,IM,"two-L, needs more regions",20.29,20.367,39.612,39.914,False,2,0.038528,0.48366,0.15036
NGC2403,6,1,63,73,False,1.27,0.9589,3.5518e-13,1.5424,0.013609,1.1338,0.0084873,2274.9,32.04,2283.4,2278.9,0.25125,0.19971,0.35517,0.013511,0.49515,0.011127,2.4179,0.0039956,1.67,8.6658e-06,0.02496,0.025071,0.16992,0.084557,0.073586,0.051051,0.54386,0.31557,11540,0.96306,0.0037644,-0.20341,96.162,0.84005,136.54,0.11293,-0.16332,4,12,57,547.01,7.9277,564.17,555.01,0.10495,5.6022e-09,0.62091,0.018313,1,8.9698,1027.8,89.554,482.83,7.1005,504.28,492.83,0.13954,4.808e-11,-1719.3,-1723.8,-59.887,0.35517,0.49515,2.4179,1.67,131.2,9.2752,1.39,2.16,15.11,True,False,False,True,0.03804,0.022471,0.0016525,5.1891e-06,0.0087357,0.00082708,IM,"two-L, needs more regions",1.67,1.67,2.4179,2.4179,False,1,8.6658e-06,0.0039956,0.22493
NGC2976,5,2,61,27,False,1.01,0.85185,0.013241,1.2102,0.14057,1.2402,0.055843,11.796,0.47183,18.387,15.796,0.155,0.64641,0.32793,0.070917,0.78178,0.065689,1.1516,0.036606,1.21,9.4292e-06,0.050103,0.039307,0.17579,0.060838,0.016383,0.013604,0.037306,0.013798,1214.5,0.98432,0.33185,0,73.503,4.9374,110.72,1.7611,0.32689,10,6,11,6.3366,0.27551,19.52,14.337,0.12274,0.16467,1.2389,0.048381,0.00023492,1.2561,27.725,38.92,5.8439,0.26563,22.323,15.844,0.12963,0.13695,1.1326,-1.4591,2.8031,0.32748,0.78176,1.1512,1.21,85.4,1.9143,1.01,1.31,3.04,False,False,False,False,0.21625,0.084025,,,0.067172,0.015906,--,single-L kept,,,,,,,,,0.049959
NGC3109,9,1,70,25,True,2.06,0.96,0.0002595,0.94187,0.061211,2.2598,0.075355,17.888,0.77775,24.326,21.888,0.12709,0.54578,0.55993,0.10822,1.8693,0.13347,1.8046,0.3354,3.3522,0.33429,0.042014,0.098091,0.13534,0.17565,0.076547,0.095093,0.13001,0.13267,0.53237,0.98015,0.99075,0,62.012,3.8472,83.064,3.6446,-0.051943,7,6,12,5.537,0.26366,18.412,13.537,0.088146,0.084216,1.2219,0.016488,0.00030347,1.6743,23.4,13.644,2.6204,0.13102,18.715,12.62,0.065692,0.15505,-5.9135,-8.3513,0.30232,0.56193,1.8747,1.8147,3.3665,66.2,0.73141,1.56,1.64,6,False,False,False,False,0.19328,0.071397,,,0.062039,0.043877,--,single-L kept,,,,,,,,,0.13671
NGC3726,5,2,53,12,False,13.94,0.83333,0.038384,7.4161,0.75991,3.2231,0.25093,29.765,2.9765,34.734,33.765,0.098746,1.0514,8.9917,1.0475,3.569,0.27488,48.761,1.9086,13.94,4.0509e-05,1.2564,0.50327,7.1831,1.9361,1.3471,0.29405,10.047,1.6042,43201,0.97144,0.00013637,-0.30985,180,4.0849,211.29,4.1578,-0.44869,1,6,5,17.5,2.1874,27.439,25.5,0.091122,0.40906,2.1124,0.18102,0.97469,2.5446,6415.1,3580,13.553,1.9362,25.978,23.553,0.069205,0.33803,-7.2952,-8.2651,-1.4614,9.3285,3.6595,48.594,13.94,168,43.726,3.4,7.52,22.2,True,True,True,True,0.1165,0.077017,0.039142,0.0045068,0.022694,0.019679,N,not nested,13.94,14.066,48.294,49.085,False,1,0.062824,1.9086,0.20605
NGC3741,10,1,70,21,True,1.64,1,7.4846e-05,0.38727,0.035787,1.7625,0.092548,66.787,3.5151,72.876,70.787,0.36451,0.1603,0.039736,0.0080665,0.48541,0.064648,0.59868,0.018606,2.33,3.7025e-05,0.0027454,0.025707,0.041364,0.1234,4.8687e-05,0.00039161,0.0080496,0.0084786,229.45,0.95826,0.23118,0,32.459,1.3684,57.385,0.8946,0.20528,2,7,12,6.6568,0.39158,18.835,14.657,0.13397,0.14779,1.3692,0.091885,0.012428,1.6166,127.67,65.46,4.746,0.29663,19.969,14.746,0.068752,0.14779,-54.041,-56.13,1.1337,0.039736,0.48541,0.59868,2.33,50.1,0.25606,0.2,0.32,4.2,True,False,False,False,0.203,0.13318,0.046154,0.027886,0.042157,0.015589,I,clean nested two-L,2.2001,2.33,0.54369,0.59895,False,1,0.064973,0.027632,0.013446
NGC3972,4,1,77,10,True,2.61,1,0.022086,3.2759,0.37508,2.1351,0.16451,11.342,1.4178,15.947,15.342,0.13838,0.60543,1.832,0.7689,1.623,0.29256,6.7794,0.20338,3.5,8.2e-05,0.26428,0.23045,0.9449,0.48611,0.42978,0.17926,0.69485,0.23571,2741.6,0.97556,0.0012716,-0.72308,120.55,14.884,157.8,2.3713,-0.17503,1,3,6,1.2258,0.2043,10.436,9.2258,0.04799,0.5,2.006,0.082537,0.02441,0.49142,355.55,579.69,0.87226,0.17445,12.385,10.872,0.02886,0.74883,-5.511,-6.1162,1.949,1.8415,1.6286,6.7776,3.5,132.7,8.7911,2.18,3.73,10.05,False,False,False,False,0.4197,0.18025,,,0.12347,0.015027,--,single-L kept,,,,,,,,,0.2346
NGC4010,7,2,89,12,False,3.5,0.83333,0.038384,5.1919,0.55071,3.2829,0.21559,16.87,1.687,21.839,20.87,0.2394,0.58178,0.37048,0.15949,0.93715,0.22824,5.6947,0.17007,3.5,2.2619e-05,0.051455,0.13016,0.79094,0.48611,0.0094247,0.014236,0.33661,0.1063,3338,0.95068,0.23276,0,71.342,7.5852,144.6,2.1634,0.66208,1,2,9,9.1666,1.1458,19.106,17.167,0.081869,0.30135,0.87073,0.8817,0.67156,1.6662,1430,437.64,4.8973,0.69962,17.322,14.897,0.072856,0.5,-2.7331,-3.7029,-1.7843,0.37048,0.93715,5.6947,3.5,125.8,12.363,2.81,6.63,17.59,False,False,False,False,0.4305,0.24354,,,0.10632,0.014961,--,single-L kept,,,,,,,,,0.059109
NGC4013,3,2,89,36,False,14.98,0.91667,1.9858e-07,0.050017,0.85839,0.02,0.34297,187.67,5.5197,194.84,191.67,0.12181,0.13144,0.057669,2.4114,0.02,0.83506,52.038,0.66858,13.47,3.2174e-05,0.0080096,0.0027778,7.2275,1.8708,0.00023684,0.00012731,4.2428,0.68056,21757,1,0.00031349,-0.39112,192.88,6.0479,222.14,1.4342,-0.55755,0,12,24,75.647,2.364,89.981,83.647,0.11769,1.9858e-07,0.48355,0.20443,0.99998,3.9724,19890,,14.788,0.47705,32.706,24.788,0.046151,0.00010233,-104.86,-108.02,-57.275,0.057669,0.02,52.038,13.47,172.9,46.57,3.53,4.11,31.35,True,False,True,True,41.815,41.753,0.012848,2.3886e-06,0.031355,0.0064564,N,not nested,13.47,13.47,52.038,52.038,False,1,3.2174e-05,0.66858,0.081533
NGC4214,10,2,15,14,False,1.04,0.92857,0.0096745,0.090005,0.022036,0.18774,0.041017,6.341,0.52842,11.619,10.341,0.12177,1.024,0.033395,971.72,0.096842,1951.3,0.35628,0.14779,0.63,0.21375,0.020916,0.0048961,0.22337,0.030732,0.0006173,0.0013393,0.007688,0.01006,0.036059,1,0.99413,-1,66.696,2.9828e+05,85.368,3.6484,-0.3918,0,2,12,0.4387,0.04387,10.995,8.4387,0.027907,0.052027,1.2508,0.97026,3.5263e-06,0.3493,2946.5,1031.8,0.43111,0.047901,13.626,10.431,0.027479,0.052027,-0.62417,-1.9023,2.6315,0.033465,0.097004,0.35649,0.63,80.1,1.2169,0.51,0.7,5.84,False,False,False,False,29098,20150,,,4472.2,0.042738,--,single-L kept,,,,,,,,,0.021579
NGC5005,4,1,68,18,False,1.47,1,0.0011292,2.1066,0.76972,0.39681,0.12937,3.2746,0.20467,9.0554,7.2746,0.087119,0.75085,1.4552,4.9049e+07,0.26797,5.7386e+06,2.749,1.0003,0.50305,0.15929,0.13459,0.023761,0.25413,0.04458,1.099,0.10245,1.2477,0.1957,1.2895,1,0.99587,0,264.68,1.6262e+09,265.5,7.479,-0.47999,0,1,17,2.2628,0.16163,13.824,10.263,0.049926,0.0011292,1.6603,0.021668,0.0001764,0.97548,37480,6.1465e+10,0.36073,0.027749,14.813,10.361,0.022104,0.59015,4.7689,2.9881,0.98831,1.5869,0.28289,2.7544,0.50378,262.2,95.214,9.45,3.97,10.41,False,False,False,False,3.3706e+07,2.1415e+07,,,6.1441e+06,0.02817,--,single-L kept,,,,,,,,,0.75522
NGC5585,7,1,51,24,False,1.63,0.91667,0.00011457,1.3905,0.045487,1.9436,0.037837,636.55,28.934,642.91,640.55,0.39956,0.30744,0.030527,0.002957,0.23418,0.015265,1.4707,0.018104,2.05,4.7072e-06,0.0093073,0.070319,0.44814,0.61558,0.0016452,0.00068216,0.3857,0.34556,76601,0.96228,0.21763,0,40.992,0.78794,96.04,0.59217,0.97665,1,9,14,81.093,4.0546,93.805,89.093,0.12717,0.0017392,1.0809,0.75487,1,4.4002,17.353,52.131,82.954,4.366,98.844,92.954,0.12406,0.0017392,-549.1,-551.46,5.039,0.030538,0.23418,1.473,2.05,90.3,3.7099,1.53,2.27,10.92,True,False,False,True,0.096864,0.065186,0.01231,2.2962e-06,0.019222,0.0061659,IIM,"two-L, needs more regions",2.05,2.05,1.4783,1.4783,False,0,4.7072e-06,0.018104,0.26226
NGC7793,7,1,47,46,False,0.7,0.93478,4.434e-08,0.48088,0.036917,0.63981,0.032997,113.06,2.5695,120.72,117.06,0.30308,0.13887,0.13422,0.025877,0.33783,0.03624,1.2288,0.13346,1.2534,0.088771,0.030519,0.016835,0.2797,0.06235,0.0073879,0.0086156,0.25138,0.1354,1.3632,0.95774,0.97005,0,71.569,3.4054,112.36,2.4378,0.00058834,7,14,25,37.944,0.90344,53.259,45.944,0.21279,0.0017398,0.23826,0.00028012,0.35042,2.7777,-93.061,154.12,37.565,0.91621,56.708,47.565,0.13143,0.0012469,-67.456,-71.113,3.4489,0.13433,0.33802,1.2332,1.2562,0,4.6701,1.21,2.19,7.35,True,False,False,False,0.1928,0.10727,0.10861,0.070824,0.047583,0.021696,I,clean nested two-L,1.2017,1.3075,1.155,1.3091,False,1,0.088771,0.13346,0.20457
UGC00731,10,1,57,12,False,2.73,1,0.0083245,0.81306,0.06892,1.825,0.10635,23.395,2.3395,28.365,27.395,0.17453,0.66839,0.26005,0.056594,1.0215,0.11896,1.6232,0.27235,3.0372,0.345,0.07941,0.30569,0.49243,0.90467,0.079137,0.18694,0.19872,0.25827,1.6799,0.94647,0.98681,0,57.228,3.2531,82.787,2.4099,-0.10398,1,2,9,1.3181,0.16477,11.258,9.3181,0.03035,0.27241,1.3653,0.16992,0.004668,0.49058,411.18,451.8,1.1725,0.1675,13.597,11.173,0.027708,0.54146,-17.107,-18.077,2.3393,0.26076,1.0235,1.6365,3.0543,73.3,2.5648,2.3,1.4,11.57,True,True,False,False,0.21762,0.11645,0.16779,0.11359,0.056845,0.029109,II,clean nested two-L,2.7334,3.3563,1.3962,1.883,False,1,0.345,0.27235,0.30431
UGC02885,5,1,64,19,False,6.82,0.89474,0.0047722,0.86684,1.1386,0.13692,0.17862,34.457,2.0269,40.346,38.457,0.097607,0.92808,9.4224,,0.86343,,11.29,,1.7,,0.59655,0.038731,1.3161,0.17,1.3119,0.14991,7.7286,1.1018,0,,,,375.17,,292.58,,-0.69359,0,1,18,11.278,0.7519,23.056,19.278,0.056172,0.017071,1.1711,0.2023,0.26738,1.721,73141,3447.2,16.485,1.1775,31.207,26.485,0.064778,0.01935,-17.289,-19.178,8.1505,9.5656,0.87251,11.313,1.7,289.5,264.8,11.4,12.2,74.24,True,False,True,False,,,,,,,N,not nested,1.7,1.7,11.284,11.284,False,1,,,0.68455
UGC03580,1,2,63,47,False,1.71,1,1.1763e-10,1.734,0.039759,1.5688,0.027892,435.88,9.6862,443.58,439.88,0.38817,0.2721,0.82357,0.052418,1.0085,0.041705,6.3071,0.041543,4.52,1.4436e-05,0.22992,0.26987,1.633,1.1355,0.1586,0.13016,0.49557,0.26497,14342,0.97623,0.00066142,-0.25278,102.57,1.2773,133.8,0.4419,-0.33518,8,21,18,141.27,3.2854,156.67,149.27,0.33718,4.538e-08,0.39638,0.48099,1,3.5928,3601.2,239.39,63.508,1.5121,82.759,73.508,0.087121,3.0842e-06,-286.91,-290.61,-73.914,0.84057,1.0223,6.3123,4.52,126.2,13.093,2.43,1.84,19.97,True,False,False,True,0.063647,0.041353,0.0065867,0.0021075,0.012453,0.0033026,IM,"two-L, needs more regions",4.52,4.5391,6.3039,6.3401,False,1,0.0095259,0.041543,0.19258
UGC04278,7,1,90,25,True,3.19,1,1.3589e-05,4.1039,0.65958,3.9704,0.26503,45.398,1.9738,51.836,49.398,0.38061,0.13973,0.23763,0.052503,1.0282,0.1358,4.0802,0.1612,4.01,2.3232e-05,0.071253,0.30812,1.2335,1.2017,0.0095819,0.024683,0.6535,0.2688,12052,0.96278,0.31756,0,54.524,2.7307,114.25,2.2633,0.75767,4,10,11,7.3214,0.34864,20.197,15.321,0.14055,0.00032337,0.73889,0.19992,0.0025823,1.0895,15.981,55.614,7.2353,0.36177,23.33,17.235,0.12817,0.0011963,-31.639,-34.077,3.1328,0.23763,1.0282,4.0802,4.01,91.4,2.1378,2.21,2.46,8.9,True,False,False,False,0.22094,0.13208,0.039508,0.01167,0.050082,0.01981,I,clean nested two-L,3.9164,4.01,3.8812,4.1104,False,1,0.046798,0.1612,0.16016
UGC05829,10,2,34,11,True,3.14,1,0.013339,1.3196,0.32279,2.972,0.37706,7.437,0.82633,12.233,11.437,0.28642,0.39745,0.2366,0.11076,1.2984,0.32101,2.0083,0.1486,3.77,8.3946e-05,0.10939,0.38921,0.92851,1.1301,0.11799,0.27954,1.1011,0.95836,7504.8,0.95604,0.32944,0,48.381,5.8652,82.592,3.0669,0.25435,2,3,6,0.84016,0.12002,10.432,8.8402,0.071783,0.17537,1.1884,0.9064,0.0029878,0.48661,113.66,181.18,0.70525,0.11754,12.695,10.705,0.074622,0.38529,-1.8011,-2.5969,2.263,0.2366,1.2984,2.0083,3.77,0,1.6426,1.99,2.91,7.87,False,False,False,False,0.46812,0.24724,,,0.12123,0.037133,--,single-L kept,,,,,,,,,0.54827
UGC06446,7,1,51,17,True,1.74,0.94118,0.0042728,0.67874,0.098411,1.2155,0.13514,10.033,0.66886,15.699,14.033,0.1473,0.47788,0.32085,0.14064,0.77571,0.2006,1.1699,0.20931,1.8554,0.23876,0.099206,0.23237,0.35996,0.55387,0.032012,0.045723,0.16832,0.20032,0.83269,0.96854,0.98562,0,72.989,7.2399,90.043,2.5286,-0.29796,1,2,14,1.472,0.11323,12.805,9.472,0.042168,0.12337,1.3082,0.53839,3.8655e-05,0.57924,384.68,1172.9,1.3251,0.11042,15.491,11.325,0.060925,0.45148,-2.8945,-4.5609,2.6863,0.32136,0.7766,1.1767,1.8626,82.2,2.3281,1.49,2.06,10.33,False,False,False,False,0.43834,0.25861,,,0.099191,0.028082,--,single-L kept,,,,,,,,,0.14388
UGC06614,1,1,36,13,False,10.64,0.92308,0.0046387,4.6025,2.5887,1.6865,0.86543,17.859,1.6235,22.988,21.859,0.1584,0.74668,65.75,9.1143e+08,4.2775,1.9765e+07,18.195,4.3869,5.4106,0.96789,22.109,0.56112,6.3396,0.53602,28.591,0.56484,4.5849,1.0498,0.98115,1,0.99043,0,444.99,2.0562e+09,207.85,7.0678,-0.84635,1,0,12,2.9285,0.32539,13.188,10.928,0.054191,0.0072452,1.1951,0.29362,0.032937,1.1731,29531,1.2779e+05,1.7515,0.21894,14.576,11.751,0.061924,0.19703,-9.8002,-10.93,1.388,75.933,4.4902,18.439,5.4602,199.8,104.62,5.1,3.68,60.63,True,True,True,False,1.3862e+07,4.6207e+06,0.2411,0.17889,4.6207e+06,0.034005,N,not nested,4.4914,6.1837,14.278,21.822,False,2,0.96789,4.3869,0.43484
UGC06787,2,2,66,71,False,1.89,0.87324,1.7471e-13,0.089248,0.10402,0.02,0.023276,1792.4,25.977,1800.9,1796.4,0.24716,0.57194,0.57967,0.11648,0.12421,0.024644,103.61,0.44432,13.41,7.8757e-06,0.14686,0.031024,26.249,3.3494,0.11317,0.022502,42.963,3.7364,3.9235e+05,0.99989,0.0002484,-0.10115,245.38,0.47648,314.62,0.67701,-0.44891,1,51,19,1156.5,17.26,1173.5,1164.5,0.1294,1.5681e-12,0.77986,0.0004633,1,13.341,24405,16292,726.7,11.011,748.02,736.7,0.13671,3.2946e-11,-627.42,-631.95,-425.49,0.57967,0.12421,103.61,13.41,248.1,65.379,5.37,2.88,26.44,True,False,True,True,0.20095,0.1984,0.0042884,5.873e-07,0.0019418,0.0021519,N,not nested,13.41,13.41,103.61,103.61,False,1,7.8757e-06,0.44432,0.41466
UGC07125,9,1,90,13,False,4.33,1,0.0072452,1.0659,0.11909,2.9413,0.24154,12.6,1.1455,17.73,16.6,0.14958,0.61573,0.46077,0.23551,1.8207,0.42999,1.7917,0.043416,4.33,8.0685e-05,0.1373,0.54253,0.53388,1.2903,0.027547,0.056191,0.11666,0.19638,2636.7,0.96493,0.0010993,-0.70422,56.991,8.2523,72.708,0.88529,-0.25028,1,2,10,2.0824,0.23138,12.342,10.082,0.034254,0.23893,0.96974,0.44494,0.0099041,0.70975,219.75,621.01,1.866,0.23325,14.691,11.866,0.031487,0.4623,-5.3881,-6.518,2.3485,0.45468,1.81,1.7938,4.33,65.2,7.5126,3.38,3.92,23.04,False,False,False,False,0.51112,0.23616,,,0.1448,0.012176,--,single-L kept,,,,,,,,,0.065111
UGC07323,8,1,47,10,False,2.91,1,0.035907,2.0296,0.30688,2.6203,0.20192,13.407,1.6759,18.012,17.407,0.2836,0.40381,0.27807,0.1105,1.0576,0.22036,2.4135,0.10749,2.91,2.8175e-05,0.086976,0.31728,0.75491,0.873,0.22328,0.3413,0.54887,0.33175,8564.9,0.96826,0.33476,0,58.156,5.8803,103.2,2.3035,0.38067,1,3,6,3.2481,0.54135,12.458,11.248,0.14442,0.28707,1.9904,0.2055,0.22287,1.2549,453.53,201.14,0.39122,0.078244,11.904,10.391,0.041084,0.80037,-5.5541,-6.1592,-0.55428,0.27807,1.0576,2.4135,2.91,0,3.0148,2.26,3.26,7.14,False,False,False,False,0.3974,0.20836,,,0.10111,0.022319,--,single-L kept,,,,,,,,,0.80296
UGC07399,8,1,55,10,False,1.84,0.9,0.024601,0.69954,0.066408,0.85168,0.058651,10.344,1.293,14.949,14.344,0.097851,1.1305,0.38648,953.87,0.64989,534.65,1.1271,0.18968,1.22,0.1466,0.12306,0.19884,0.3466,0.36614,0.0066498,0.0042552,0.17128,0.1436,0.89015,1,0.98999,-1,87.543,72020,109.08,2.8364,-0.19834,1,1,8,2.5963,0.43271,11.807,10.596,0.037433,0.089856,1.0416,0.53599,0.14246,0.85646,1344.4,400.71,0.82524,0.16505,12.338,10.825,0.022159,0.28707,-3.1428,-3.7479,0.53156,0.39035,0.65301,1.1274,1.22,103,1.5688,1.64,1.27,7.85,False,False,False,False,2468.1,822.68,,,822.68,0.026003,--,single-L kept,,,,,,,,,0.15197
UGC07524,9,1,46,31,False,2.76,0.93548,6.6681e-05,1.6662,0.10104,2.7813,0.10251,31.095,1.0722,37.963,35.095,0.2487,0.20985,0.22834,0.051646,1.0646,0.13618,1.9072,0.14506,3.0592,0.1482,0.023896,0.053767,0.19967,0.15421,0.069274,0.19128,0.042873,0.033817,0.78567,0.96148,0.96725,0,52.518,2.8582,89.434,1.4112,0.25371,3,5,23,7.6264,0.28246,21.362,15.626,0.12728,0.0095273,0.8665,0.25602,9.061e-05,1.3296,188.2,83.544,4.3448,0.16711,21.515,14.345,0.078332,0.034646,-16.6,-19.468,0.15236,0.22913,1.0672,1.9195,3.0725,79.5,3.5841,3.46,3.61,12.11,True,False,False,False,0.22618,0.12792,0.076059,0.048444,0.054423,0.015779,II,clean nested two-L,2.9356,3.0703,1.7922,1.9177,False,1,0.1482,0.14506,0.30338
UGC08286,6,1,90,17,False,1.42,0.94118,0.018864,0.66735,0.046392,1.1172,0.06081,2.2988,0.15325,7.9652,6.2988,0.027522,0.79941,0.26813,0.28443,0.80199,0.33843,0.68134,0.062207,1.1364,0.082663,0.0086522,0.025882,0.021898,0.036588,9.6711e-10,1.0408e-09,0.02898,0.041233,0.48858,0.99186,0.98902,0,65.613,21.138,87.86,0.96839,0.12741,1,1,15,2.1366,0.16435,13.469,10.137,0.019164,0.0042728,0.83944,0.05904,0.00032798,0.7244,56.654,164.75,2.083,0.17358,16.249,12.083,0.019343,0.10706,5.5042,3.8378,2.7796,0.26844,0.80285,0.68483,1.1402,82.4,1.4814,1.05,2.25,8.07,False,False,False,False,1.0608,0.42198,,,0.32216,0.011022,--,single-L kept,,,,,,,,,0.042534
UGC08550,7,1,90,11,False,1.47,1,0.013339,0.17946,0.019235,0.68473,0.057003,6.1577,0.68419,10.953,10.158,0.061412,0.39235,0.16472,0.066562,0.64905,0.11281,0.47447,0.012726,1.47,1.4466e-05,0.049171,0.19375,0.14163,0.43881,0.089078,0.15535,0.26385,0.66911,39277,0.96875,0.00052005,-0.73361,57.17,6.8475,64.412,0.86544,-0.40151,1,2,8,4.2168,0.6024,13.808,12.217,0.050793,0.47489,1.642,0.012513,0.2455,1.7231,294.73,251.35,3.2824,0.54706,15.272,13.282,0.051259,0.73563,2.8549,2.0591,1.4635,0.16472,0.64905,0.47447,1.47,56.9,0.52754,0.45,1.01,5.59,False,False,False,False,0.40408,0.1738,,,0.11977,0.013436,--,single-L kept,,,,,,,,,0.55609
UGC12632,9,1,46,15,False,3.55,1,0.0017951,1.0173,0.10162,2.1764,0.15099,3.6894,0.2838,9.1055,7.6894,0.17919,0.40961,0.39999,0.22502,1.4267,0.37504,1.1332,0.15445,2.3615,0.23019,0.12503,0.42663,0.35224,0.70362,0.34066,0.82302,0.16661,0.26103,1.9511,0.97196,0.98117,0,60.026,9.3911,78.489,1.7474,-0.0486,2,1,12,1.9518,0.17743,12.784,9.9518,0.13028,0.030972,1.4107,0.28126,0.0013417,0.77863,457.34,352.05,0.35167,0.035167,13.892,10.352,0.026034,0.036562,3.6784,2.2623,1.1079,0.40105,1.4298,1.142,2.3736,71.7,2.97,2.42,3.94,12.6,False,False,False,False,0.56256,0.26287,,,0.15645,0.022263,--,single-L kept,,,,,,,,,0.85167
UGC12732,9,1,39,16,True,3.84,1,0.00099282,1.7314,0.18516,2.5678,0.20477,39.35,2.8107,44.895,43.35,0.2092,0.25212,0.97816,0.13622,1.7907,0.1769,12.244,0.37444,9.6,0.00016424,0.36623,0.56265,4.5215,2.9091,0.22599,0.31376,1.8411,0.7856,4995.6,0.96746,0.0011098,-0.20556,83.805,2.1025,127.48,1.9616,-0.12411,1,9,6,10.773,0.89772,21.863,18.773,0.12727,0.020693,0.86999,0.24634,0.4515,2.1875,954.89,262.2,2.6137,0.23761,16.477,12.614,0.054101,0.065103,-23.032,-24.577,-5.3864,0.99644,1.8143,12.181,9.6,0,5.7013,1.98,3.12,17.41,True,False,False,False,0.13927,0.098789,0.059784,0.028618,0.025088,0.015387,II,clean nested two-L,9.6,10.149,12.23,13.694,False,4,0.27473,0.732,0.23104
UGCA444,10,2,78,36,False,0.97,0.97222,7.5752e-06,0.080534,0.014113,0.75887,0.073501,8.9843,0.26424,16.151,12.984,0.22284,0.18112,0.047483,0.014805,0.59709,0.090814,0.19176,0.011777,1.26,8.1551e-05,0.002684,0.030464,0.010841,0.064286,0.0047131,0.035503,0.020618,0.07276,858.36,0.96681,0.0020107,-0.33947,31.983,2.7044,44.209,1.3608,-0.071717,7,10,19,2.9822,0.093193,17.316,10.982,0.16922,0.53034,0.65441,0.0053048,7.0389e-12,0.86517,37.863,26.637,0.95178,0.030703,18.869,10.952,0.062781,0.63239,1.1649,-2.0021,1.5531,0.047589,0.59828,0.19156,1.26,37,0.09511,0.83,0.41,2.08,False,False,False,False,0.31179,0.15209,,,0.084558,0.03078,--,single-L kept,,,,,,,,,0.10752
