Galaxy,T,Q,Inc,n,A_mpm,p_runs1,chi2_S,chi2nu_S,BIC_S,RMS_S,DW_S,M,eM,R,eR,rv,erv,rv_lo,rv_hi,MN,eMN,MN_lo,MN_hi,p,A,eA,rho_M_MN,jM,jR,jrv,jMN,jA,sM,sR,srv,sMN,sA,hz_max,n_in,n_win,chi2_VW,chi2nu_VW,BIC_VW,AIC_VW,RMS_VW,pruns_VW,DW_VW,pSW_VW,Plow_VW,maxz_VW,BIC_VWf,chi2nu_VWf,BIC_2L,chi2nu_2L,profile_better,Vflat,Mbar,Rdisk,RHI,Lb,L36,dBIC_VW,dBIC_VWf,dBIC_2L_VW,erv_p,outcome,flagM,relR,relrv,relMN,relA,relM,jk_rel,grade
ESO563-G021,4,1,83,30,0.93333,4.1932e-06,94.689,3.3818,101.49,0.11623,1.0305,65.833,4.0122,5.8115,0.15061,11.303,0.96179,10.388,13.098,-15.973,14.366,-26.953,7.2112,1.7574,1.0214e+05,3118.8,-0.00027188,7.9532,0.3433,1.0246,7.828,1568.3,9.8563,0.8684,1.6911,2.3731,1025.1,0.0087196,11,19,24.562,0.94469,38.167,32.562,0.089042,0.070993,2.3441,0.0016797,0.45613,3.0722,41.568,0.98248,67.212,2.0618,False,314.6,187.9,5.45,55.71,0,311.18,-63.325,3.4012,29.045,1.355,flattening window,False,0.025916,0.11988,0.89939,0.030535,0.060945,0.49008,--
F568-V1,7,1,40,15,0.8,0.0080827,1.0586,0.081432,6.4747,0.14543,0.94597,2.8863,0.79785,2.2804,0.37188,5.87,8.8842,2.3032,17.277,-2.5572,10.998,-5.8209,91.723,1.114,13975,5092.7,-0.00044162,0.33199,0.14815,0.78701,2.3791,1265.7,0.90141,0.22804,0.587,0.80346,4139.6,0.011854,8,7,0.77621,0.070564,11.608,8.7762,0.15816,0.036562,1.199,0.81482,1.3739e-05,0.52199,14.284,0.074405,11.71,0.079822,False,112.3,5.2255,2.85,14.38,0,3.825,5.1337,2.6759,0.10184,8.8842,single-L kept,False,0.16308,1.5135,4.3008,0.36442,0.27643,0.93035,--
IC4202,4,1,90,32,0.84375,0.021285,39.219,1.3073,46.151,0.080927,0.85454,18.497,0.80529,3.1746,0.074801,9.45,1.4362,8.8205,10.785,-6.5584,9.5134,-10.153,0.93142,1.6454,61324,2755.2,-0.045863,0.51433,0.049728,0.47692,5.0249,1554.1,1.843,0.31619,0.94124,0.62564,9.3919,0.019281,12,20,15.961,0.57003,29.824,23.961,0.050706,0.35965,1.6613,0.83398,0.033603,1.8149,33.288,0.59107,40.699,0.95843,False,242.6,113.74,4.78,32.13,37.362,179.75,-16.327,3.4638,10.875,1.4362,flattening window,False,0.023562,0.15198,1.4506,0.044929,0.043536,0.76618,--
NGC0891,3,1,90,18,0.94444,0.0018687,48.89,3.0556,54.671,0.097264,0.54629,0.82032,0.56314,0.20557,0.13821,11.143,0.63245,10.549,11.753,48.807,12.535,40.425,57.924,61.497,32016,4047.6,0.044168,2.7124,0.62723,0.70361,5.6289,1933.1,0.041288,0.010352,0.56177,2.3782,29.095,0.037401,11,7,14.908,1.0648,26.469,22.908,0.091419,0.02776,1.7166,0.039278,0.61551,2.5157,29.002,1.1192,80.914,4.9538,False,216.1,78.88,2.55,18.16,18.877,138.34,-28.202,2.5323,54.445,0.63245,descent window,False,0.67233,0.056758,0.25683,0.12642,0.68649,3.0512,III
NGC1705,11,3,80,14,1,0.0049368,1.7539,0.14616,7.032,0.058388,1.1536,0.084584,0.02598,0.19052,0.048056,1.8554,1.304,0.22,5.88,0.19162,0.46013,-0.14786,15.72,4.2654,4892,720.3,0.00080565,0.1628,0.25242,0.64891,0.041018,60.586,0.00498,0.0096371,0.093758,0.01119,147.46,0.014282,4,10,0.82475,0.082475,11.381,8.8248,0.055225,0.11685,2.5006,0.00024127,7.0597e-05,0.81104,13.36,0.01832,12.31,0.17539,False,71.9,0.45137,0.39,2.36,0,0.533,4.349,1.9792,0.92912,2.83,single-L kept,False,0.25224,1.5253,2.4013,0.14724,0.30715,1.3249,--
NGC2366,10,3,68,26,0.84615,3.2069e-05,11.23,0.46792,17.746,0.16489,0.56743,0.45752,0.038334,1.6158,0.073244,4.2387,0.46656,3.8672,4.7394,0.96412,1.4592,0.16231,2.56,4.1073,1746.6,1311.7,0.00031466,0.023372,0.044731,0.17927,0.46974,407.56,0.035395,0.078821,0.20728,0.074526,104.48,0.011458,18,8,6.6456,0.30207,19.678,14.646,0.15344,0.11951,0.95968,0.06125,0.0006742,1.7282,22.936,0.31646,22.149,0.41441,False,50.2,0.97851,0.65,6.94,0,0.236,1.9318,3.2581,2.4714,0.46656,single-L kept,False,0.04533,0.11007,1.5135,0.751,0.083787,0.48722,--
NGC2903,4,1,66,34,1,1.0323e-07,859.5,26.859,866.55,0.3552,0.17935,5.7789,0.4012,1.2302,0.058135,4.3869,0.15496,4.3869,4.4755,18.43,0.98214,18.696,18.696,5.1892,31210,453.94,0.0061097,0.62138,0.093061,0.23257,2.1563,993.22,1.7469,0.36847,1.3147,5.5265,1323.3,0.0084688,12,22,62.978,2.0993,77.083,70.978,0.10033,0.0062613,0.84139,0.35073,0.9996,3.0203,80.609,2.1716,620.67,20.219,False,184.6,44.326,2.33,13.76,0,81.863,-789.47,3.5264,543.59,0.15496,descent window,True,0.047257,0.035323,0.05329,0.014545,0.069425,0.117,IM
NGC3198,5,1,73,43,0.88372,5.7494e-09,251.13,6.1252,258.65,0.20437,0.1865,6.7415,0.27346,2.9957,0.08253,12.954,0.77072,12.179,13.705,12.151,2.5595,10,14.11,3.8024,20525,455.39,0.0026276,0.37082,0.11467,0.69821,2.2515,411.87,0.70798,0.30304,1.3093,1.2451,586.68,0.032766,27,16,29.366,0.75296,44.41,37.366,0.22352,1.5493e-05,0.63811,0.17678,0.13154,1.8586,48.172,0.77278,263.6,6.3732,False,150.1,33.595,3.14,35.66,0,38.279,-214.24,3.7612,219.19,0.77072,descent window,False,0.027549,0.059497,0.21064,0.022187,0.040564,0.18529,I
NGC3521,4,1,75,41,0.95122,2.9043e-06,17.7,0.45385,25.127,0.061224,0.32081,2.0696,0.26395,0.51601,0.053332,4.6094,1.2697,3.7232,6.7118,8.3321,5.6515,5.1873,17.85,6.0259,40114,2834.7,0.0011371,0.082851,0.017725,0.17022,0.67041,348.05,0.62228,0.15398,1.3747,2.4704,1522.4,0.012815,24,17,2.4499,0.066214,17.304,10.45,0.03865,0.21551,1.0773,0.5623,4.8253e-16,0.71853,20.994,0.0674,27.844,0.35108,False,213.7,47.943,2.4,18.85,0,84.836,-7.8232,3.69,10.54,1.4943,descent window,False,0.10335,0.32419,0.67828,0.070666,0.12754,0.080461,III
NGC3769,3,2,70,12,1,0.010734,7.861,0.7861,12.831,0.096564,0.74851,2.0672,0.51833,1.538,0.28897,8.72,2.7857,7.0074,10.08,5.7764,5.3699,3.0488,7.121,4.7943,12454,1832.4,-0.11035,1.2711,0.68447,0.80374,2.4215,875.86,0.29128,0.21361,1.2111,0.81393,295.84,0.027718,5,7,2.5924,0.32405,12.532,10.592,0.060345,0.30135,1.5167,0.058459,0.042717,0.68163,14.871,0.34955,16.522,0.82274,False,118.6,16.693,3.38,22.57,0,18.679,-0.29876,2.3393,3.9895,2.7857,single-L kept,False,0.18789,0.31946,0.92963,0.14713,0.25074,0.44504,--
NGC3992,4,1,56,9,0.88889,0.038607,39.322,5.6174,43.716,0.10486,0.54266,26.51,9.8548,3.9644,1.1773,21.653,1.9,20.099,24.19,192.53,39.672,169.43,231.43,9.2624,37508,5450.1,0.019736,1.0013,0.1228,0.75657,16.935,2087.8,2.8146,0.38296,2.0987,20.171,1648.8,0.024055,3,6,2.4088,0.48176,11.198,10.409,0.029326,0.8696,2.6699,0.042665,0.20984,1.2869,13.395,0.6022,33.988,5.0398,False,241,135.54,4.96,32.75,0,226.93,-32.518,2.1972,22.79,2.0455,descent window,False,0.29697,0.094467,0.20606,0.14531,0.37174,0.08796,I
NGC4088,4,1,69,12,1,0.0083245,18.064,1.8064,23.034,0.10468,0.54412,8.8705,2.2215,2.7331,0.42655,8.5623,1.4341,7.3908,9.9375,17.222,8.7301,12.157,24.13,3.9415,24314,2869.1,0.0026962,2.3593,0.48184,0.71275,6.9566,2530,1.2487,0.37889,1.188,2.3997,609.22,0.012322,4,8,3.2316,0.40395,13.171,11.232,0.075992,0.11294,1.4444,0.84845,0.081006,0.967,15.656,0.46166,23.164,1.6531,False,171.7,64.584,2.58,22.25,0,107.29,-9.8627,2.4849,9.9932,1.4341,descent window,False,0.15607,0.16749,0.50692,0.118,0.25044,0.40394,III
NGC4100,4,1,73,24,1,1.6209e-05,147.84,6.7202,154.2,0.23337,0.15497,10.911,1.2751,2.8185,0.21664,9.1896,0.44388,8.758,10.236,46.738,5.8798,43.042,56.168,6.2837,17860,1915.9,0.0051202,1.1303,0.1611,0.52324,7.6596,2309,1.5262,0.39065,1.2756,6.4812,353.13,0.011546,8,16,11.463,0.57314,24.175,19.463,0.049859,0.0026249,0.77094,0.17944,0.066673,1.405,27.353,0.6033,88.653,3.797,False,158.2,33.823,2.15,18.06,0,59.394,-130.02,3.1781,64.478,0.739,descent window,False,0.076864,0.080417,0.1258,0.10727,0.11686,0.16388,I
NGC4157,3,1,82,17,1,0.0009867,31.47,2.098,37.136,0.12863,0.35868,10.847,2.4709,2.6073,0.37768,7.2062,1.0805,5.9732,8.3111,18.176,7.9826,14.731,22.357,3.6757,29881,2329.4,0.0031133,2.3749,0.3906,0.38857,3.3526,991.07,1.5086,0.36156,0.99916,2.4954,354.16,0.01419,4,13,2.7189,0.20914,14.052,10.719,0.051899,0.014092,1.3807,0.14352,0.0012271,0.71201,16.885,0.22657,40.632,2.2538,False,184.7,64.153,2.32,24.09,2.0135,105.62,-23.085,2.8332,26.58,1.1689,descent window,False,0.14485,0.16221,0.43918,0.077956,0.2278,0.18445,II
NGC4183,6,1,82,23,0.86957,0.00069102,11.381,0.54196,17.652,0.14483,0.67843,0.43392,0.23513,0.86109,0.23886,2.2659,0.42736,2.1187,2.6182,-4.6186,0.57247,-4.7981,-4.485,-8.644,13621,423.16,-0.034554,0.56438,0.51506,0.48583,0.34769,251.17,0.060743,0.1199,0.31343,0.63053,117.74,0.018555,2,21,6.4581,0.3399,19,14.458,0.054102,0.0030739,0.45567,0.073239,0.0034098,1.1431,22.136,0.35878,18.905,0.3349,False,110.6,10.082,2.79,16.07,0,10.838,1.348,3.1355,-0.094942,0.42736,single-L kept,False,0.27739,0.1886,0.12395,0.031067,0.54187,0.59815,--
NGC4217,3,1,86,19,1,0.00021402,18.953,1.1149,24.842,0.10564,0.27229,6.825,0.66894,2.0512,0.13943,10.148,0.94742,8.9569,11.131,39.361,18.365,23.84,56.472,7.7672,20464,6279.9,0.0012629,0.28095,0.064392,0.21191,3.8965,1357.2,0.94588,0.28444,1.4083,5.3939,77.823,0.012571,11,8,1.23,0.081998,13.008,9.23,0.036416,0.12073,1.8481,0.86449,1.0828e-06,0.52691,15.952,0.087855,21.823,0.66965,False,181.3,59.718,2.94,16.7,68.306,85.299,-11.835,2.9444,8.8148,1.0871,descent window,False,0.067975,0.10712,0.46658,0.30688,0.098013,0.098994,III
NGC4559,6,1,67,32,0.90625,1.6002e-06,13.166,0.43886,20.097,0.15497,0.35912,0.39828,0.23026,0.74478,0.25457,2.278,0.3359,2.0053,2.7571,-5.8469,0.62717,-6.1415,-5.4242,-12.68,16435,369.12,-0.049937,0.18016,0.19661,0.15499,0.2816,169.5,0.11867,0.22236,0.67762,1.7154,240.84,0.020245,3,29,5.9962,0.21415,19.859,13.996,0.040461,3.8528e-05,0.27815,0.15862,3.3777e-06,0.89201,23.325,0.22208,19.874,0.21468,False,121.2,17.417,2.1,21.16,0,19.377,-0.23809,3.4657,0.014796,0.3759,single-L kept,False,0.34181,0.16501,0.10727,0.022459,0.57814,0.26398,--
NGC5033,5,1,66,22,0.95455,5.2708e-05,302.25,15.113,308.44,0.11949,0.16363,0.074492,0.066476,0.02,0.017834,26.073,0.85924,25.762,26.849,199.67,58.134,191.74,221.79,2682.4,15096,8800.3,-0.92375,0.00046411,8.8655e-13,1.0853,34.6,4521.2,0.0011258,0,10.274,373.49,34936,4.2501,13,9,18.758,1.0421,31.122,26.758,0.042233,0.042448,1.1229,0.71529,0.59315,2.2412,30.137,0.86365,115.35,5.7215,False,194.2,75.334,5.16,29.53,25.158,110.51,-277.31,-0.98515,84.229,0.85924,descent window,False,0.8917,0.032955,0.29115,0.58296,0.89239,0.2995,III
NGC5055,4,1,55,28,1,2.8812e-06,3345.8,128.68,3352.5,0.31316,1.0746,4.02,0.2433,1.1211,0.059338,13.292,0.20173,13.064,13.292,50.386,1.0791,49.756,49.756,14.534,27360,221.23,0.0464,1.0947,0.27053,1.3862,8.8577,939.26,0.5093,0.033874,0.40194,6.4562,3333.2,0.03877,13,15,104.54,4.3556,117.86,112.54,0.11965,0.0041197,1.2266,0.030612,1,5.7965,121.2,4.545,850,34.861,False,179,92.051,3.2,35.06,0,152.92,-3234.6,3.3322,732.13,0.20173,descent window,True,0.052928,0.015177,0.021417,0.0080859,0.060522,0.24131,IM
NGC5371,4,1,53,19,1,0.00024512,248.9,14.641,254.79,0.11034,0.26691,4.2576,0.61681,0.96484,0.13019,23.663,1.1,23.105,24.215,162.78,22.901,153.18,172.45,40.234,25802,2987.7,0.023929,3.0207,0.61951,1.5807,29.478,4055.5,1.0791,0.24018,5.8952,39.26,1280.7,0.064004,11,8,71.784,4.7856,83.562,79.784,0.095287,0.0068117,0.5727,0.2552,1,3.4685,86.506,5.1274,172.88,10.74,False,209.5,185.07,7.44,30.03,0,340.39,-171.23,2.9444,89.318,1.1,descent window,True,0.13493,0.046486,0.14069,0.11579,0.14487,0.64209,IIIM
NGC5907,5,1,88,19,1,0.00021402,185.01,10.883,190.89,0.069955,0.52394,5.4207,1.9709,1.2395,0.42256,19.553,1.1391,18.486,20.729,71.285,8.5004,65.327,78.691,15.15,38363,1162.9,0.05755,3.1056,0.68625,1.5282,11.138,1601.6,0.27874,0.063838,1.015,3.5587,53.041,0.047075,6,13,37.562,2.5041,49.34,45.562,0.035713,0.12073,1.5177,0.57551,0.99895,3.3548,52.284,2.683,197.28,12.367,False,215,115.68,5.34,0,0,175.43,-141.55,2.9444,147.94,1.1391,descent window,True,0.34091,0.058257,0.11925,0.030313,0.36359,0.55365,IIM
NGC5985,3,1,60,33,0.87879,0.001423,68.29,2.2029,75.283,0.069258,0.51414,26.209,2.1961,3.1296,0.17133,11.08,1.1903,10.1,11.644,16.444,11.476,8.8242,20.27,2.6274,81325,2424.4,-0.020734,3.6042,0.28717,0.8315,8.415,1891.4,6.611,0.78043,2.763,4.1624,3087.4,0.00029775,10,23,25.418,0.87648,39.404,33.418,0.037947,0.00047535,1.0926,0.78471,0.3436,1.8865,42.399,0.88989,82.276,2.3548,False,293.6,121.8,7.01,39.5,10.154,208.73,-35.879,2.9955,42.872,1.1903,descent window,False,0.054745,0.10743,0.69788,0.029811,0.083792,0.51174,III
NGC6503,6,1,74,31,0.83871,0.0038549,55.605,1.9174,62.473,0.13596,0.59494,1.0625,0.21123,0.82889,0.12719,3.79,0.61616,3.3655,3.9273,0.83342,0.40583,0.69144,0.90288,2.7844,13182,165.42,-0.092692,0.39868,0.22821,0.36788,0.34743,137.95,0.056181,0.041047,0.18768,0.044068,244.32,0.014633,4,27,22.194,0.82199,35.93,30.194,0.04594,0.062005,1.1276,0.5248,0.27254,1.8914,35.15,0.69152,69.341,2.0594,False,116.3,8.742,2.16,14.05,0,12.845,-26.543,-0.78023,33.411,0.61616,descent window,False,0.15345,0.16258,0.48695,0.012549,0.1988,0.41687,II
NGC6674,3,1,54,15,0.86667,0.030972,212.96,16.382,218.38,0.16542,0.35483,0.12605,0.041551,0.02,0.0066257,14.218,1.4067,13.766,15.499,102.91,13.309,101.12,107.36,818.45,50114,892.75,-0.68323,0.0070882,2.4549e-14,2.5841,15.959,2385.3,0.016399,3.4779e-16,5.2859,61.234,8752.7,0.11804,3,12,41.163,3.7421,51.995,49.163,0.236,0.012804,0.85949,0.39851,0.99998,3.9468,73.163,5.9622,224.2,19.397,True,241.3,153.55,6.04,50.02,17.21,214.65,-166.38,21.167,172.2,1.4067,descent window,True,0.33128,0.098938,0.12933,0.017814,0.32964,0.18175,IIM
NGC6946,6,1,38,58,0.89655,8.4081e-09,543.88,9.7122,552.01,0.2264,0.28564,0.027095,0.062368,0.02,0.045403,2.0213,0.10528,1.9446,2.0213,-7.7575,0.50895,-7.517,-7.517,-284.31,33871,634.08,-0.71352,0.19846,0.13504,0.22508,1.1038,936.35,0.0022431,1.3595e-11,0.59115,2.2612,2827.3,0.062379,6,52,284.38,5.2663,300.62,292.38,0.17287,7.1165e-10,0.28331,0.00075897,1,5.5535,304.68,5.3657,302.79,5.3065,False,158.9,41.448,2.44,21.25,4.102,66.173,-251.38,4.0604,2.1684,0.10528,rising window,True,2.2702,0.052085,0.065607,0.01872,2.3018,6.752,--
NGC7331,3,1,75,36,0.91667,0.00040492,91.954,2.7045,99.121,0.066957,0.1684,8.8719,3.9256,1.4247,0.49619,5.5532,0.50734,5.1698,6.003,17.371,2.6515,16.237,18.493,3.958,53150,693.19,0.017266,1.4773,0.19188,0.26242,2.0286,534.21,0.92311,0.14605,0.56478,1.7712,916.35,0.014952,6,30,22.602,0.70631,36.936,30.602,0.027207,0.00045692,0.4504,0.0072837,0.10954,2.2853,40.519,0.72909,107.15,2.9006,False,239,142.35,5.02,27.01,11.598,250.63,-62.185,3.5835,70.216,0.50734,descent window,False,0.34828,0.09136,0.15264,0.013042,0.44248,0.13468,II
UGC01230,9,1,22,11,1,0.013339,3.3345,0.3705,8.1303,0.12803,0.80577,4.7448,3.1109,3.3242,1.0081,5.7567,2.4634,4.179,24.307,0.65699,4.6197,-1.3529,45.405,2.1385,10836,1610.6,0.00079251,0.50276,0.14487,0.56842,0.91338,311.31,2.5566,0.66045,1.1473,0.35416,5418.3,0.004065,4,7,0.46537,0.066481,10.057,8.4654,0.066382,0.47489,1.476,0.27621,0.00043633,0.5281,12.455,0.077561,10.889,0.18536,False,103.7,12.362,4.34,26.29,0,7.62,1.9267,2.3979,0.83217,10.064,single-L kept,False,0.30326,1.7482,7.0316,0.14863,0.65564,1.3902,--
UGC02916,2,2,50,43,0.88372,1.0819e-06,101.75,2.4818,109.27,0.115,0.35743,0.21263,0.14147,0.060176,0.039693,23.525,3.105,19.972,26.039,179.82,83.67,110.74,254.26,847.7,12638,11426,-0.021336,0.37297,0.10414,1.6246,45.194,6422.6,0.040972,0.0087185,3.5731,36.286,1679.3,0.30869,38,5,71.689,1.8382,86.734,79.689,0.05268,3.8214e-06,0.46589,0.035902,0.9989,3.8091,90.495,1.8865,105.77,2.3262,False,182.7,107.36,6.15,34.24,71.632,124.15,-22.541,3.7612,19.032,3.105,descent window,False,0.65962,0.13199,0.4653,0.9041,0.66533,1.7306,III
UGC02953,2,2,50,115,0.96522,1.1973e-24,7756,68.637,7765.5,0.23208,0.42448,3.8076,0.081143,0.49279,0.0098329,13.992,0.14086,13.992,14.315,128.71,2.6705,133.41,133.41,35.805,57787,507.12,0.018799,0.54078,0.064332,0.78043,9.5708,1479.8,1.2061,0.14763,4.1782,39.321,5925.7,0.043179,77,38,1428.7,12.871,1447.7,1436.7,0.24833,1.9665e-20,0.36199,0.14057,1,9.6067,1452.5,12.989,6529.4,58.652,False,264.9,146,3.55,24,30.142,259.52,-6317.8,4.7449,5081.6,0.1615,descent window,True,0.019954,0.011542,0.020748,0.0087757,0.021311,0.13055,IM
UGC03205,2,1,67,48,0.9375,1.2338e-07,272.93,5.9334,280.68,0.17864,0.41315,4.8125,0.4356,1.0141,0.07439,6.8892,0.50764,6.829,7.3128,20.971,2.4904,20.775,22.48,6.3575,42131,596.02,0.0068249,2.1258,0.35603,0.6797,3.723,1194.9,0.99289,0.20253,1.3743,4.2552,2195.9,0.018362,19,29,53.394,1.2135,68.878,61.394,0.16871,1.6995e-07,0.87221,0.046167,0.84323,3.0769,72.282,1.2308,287.02,6.1711,False,219.6,73.161,3.19,28.6,17.347,113.64,-211.8,3.4038,218.14,0.50764,descent window,False,0.073356,0.073686,0.11875,0.014147,0.090514,0.35108,II
UGC04305,10,3,40,22,0.86364,0.0013327,12.916,0.64578,19.098,0.56767,0.37,0.47779,877.59,1.6016,980.57,1.6016,5.8227,1.6016,2.0016,0.096486,0.51337,0.097725,0.1384,2.2019,1024,8929.6,0.97112,0.046739,0.072652,0.072653,0.060322,86.364,0.14311,0.078902,0.078904,0.029036,302.06,0.0078677,6,16,5.3163,0.29535,17.68,13.316,0.45694,0.0013327,0.66531,0.12951,0.0017245,1.1683,20.771,0.31272,21.917,0.5307,False,34.5,1.2857,1.16,7.41,0,0.736,-1.4172,3.091,4.2364,5.8227,single-L kept,False,612.24,3.6356,5.3207,8.7203,1836.8,0.62519,--
UGC05253,2,2,37,73,0.9863,3.0431e-15,393.48,5.542,402.06,0.093175,0.32817,0.26372,0.073566,0.056077,0.015492,21.398,0.80181,21.231,24.529,130.4,11.315,128.52,171.67,496.47,34364,1590.7,-0.048177,0.053383,0.011195,0.98909,13.434,1697.8,0.073659,0.012705,5.3938,40.886,5552.6,0.10862,62,11,24.197,0.35068,41.359,32.197,0.034487,4.594e-11,0.57645,0.15897,1.0897e-07,1.622,42.487,0.30934,52.128,0.50675,False,213.7,120.7,8.07,36.64,65.508,171.58,-360.7,1.1284,10.769,1.649,descent window,False,0.27626,0.077063,0.086771,0.04629,0.27895,0.19964,I
UGC05721,7,1,61,23,0.86957,0.00014389,21.264,1.0126,27.535,0.22171,0.52054,0.04219,0.026401,0.18172,0.06878,0.55137,0.088521,0.50868,0.75254,-0.60136,0.079427,-0.6844,-0.57268,-12.254,7028.3,257.93,-0.018264,0.022274,0.054187,0.07651,0.067937,185.2,0.013276,0.054846,0.16475,0.18502,587.41,0.013461,3,20,15.986,0.84136,28.528,23.986,0.1167,0.0027969,0.63409,0.25647,0.34178,1.6792,31.663,0.8881,28.453,0.83741,False,79.7,1.013,0.38,6.74,0,0.531,0.99324,3.1355,-0.07498,0.12193,single-L kept,False,0.37849,0.22114,0.13208,0.036699,0.62576,0.29819,--
UGC05986,9,2,90,15,0.86667,0.0080827,27.955,2.1504,33.371,0.14384,0.38163,2.9204,0.18409,2.1414,0.07776,6.6176,0.40521,5.9157,7.1667,11.223,6.2735,5.3437,18.568,5.8431,6506,3593.7,0.00050328,0.2135,0.10363,0.22072,2.2582,1194.7,0.87303,0.64096,1.9854,3.3298,16.717,0.0090976,10,5,13.171,1.1974,24.003,21.171,0.12551,0.10897,0.65204,0.43715,0.7177,2.4381,26.711,1.3171,31.308,1.8614,False,113,5.8946,1.67,16.53,0,4.695,-9.3675,2.7081,7.3047,0.6255,descent window,False,0.036313,0.094521,0.55899,0.55237,0.063036,0.20121,III
UGC06983,6,1,49,17,0.88235,0.014092,4.8221,0.32148,10.489,0.05602,1.296,1.8452,0.357,1.8602,0.22089,6.11,4.3447,1.8788,15.366,-5.7783,2.9573,-6.086,65.729,-1.1316,14269,1462.7,-0.10626,0.95403,0.77794,1.492,1.0574,598.14,0.26194,0.25834,0.84861,0.80549,419.23,0.016241,5,12,4.0573,0.3121,15.39,12.057,0.064607,0.018864,1.5613,0.038707,0.0094339,1.1066,18.223,0.33811,15.091,0.2891,False,109,6.5951,3.21,16.07,0,5.298,4.9016,2.8332,-0.29907,6.7436,single-L kept,False,0.11875,1.1037,0.51179,0.10251,0.19347,0.4182,--
UGC08490,9,1,50,30,0.93333,0.00013415,14.016,0.50057,20.818,0.10346,1.0899,0.092314,0.076633,0.31333,0.10959,0.68,0.31151,0.58322,0.70482,-0.6418,0.10535,-0.6622,-0.64518,-4.9524,6693,170.73,-0.57188,0.06097,0.058825,0.32866,0.035087,77.012,0.012852,0.03568,0.077505,0.089005,536.01,0.030953,1,29,6.5697,0.25268,20.175,14.57,0.04682,0.00013415,0.29869,0.018323,4.0503e-05,1.0118,23.576,0.26279,20.052,0.24798,False,78.6,1.4661,0.67,7.8,0,1.017,-0.6438,3.4012,-0.12229,0.31151,single-L kept,False,0.34976,0.4581,0.16415,0.025509,0.83013,0.48332,--
UGC08699,2,2,73,41,0.85366,1.2214e-07,178.69,4.5817,186.11,0.1139,0.26557,0.66921,0.31418,0.19584,0.082074,1.6958,0.21353,1.6958,1.8001,3.8796,0.35811,4.0234,4.0234,7.7974,30856,420.49,0.020554,0.37914,0.094627,0.098736,0.30987,424.06,0.17474,0.049372,0.42247,0.99412,2078.3,0.010683,7,34,37.994,1.0269,52.848,45.994,0.070073,2.5595e-06,0.40289,0.01319,0.57611,2.5754,56.562,1.0554,151.3,3.6877,False,182.4,33.06,3.09,19.05,14.685,50.302,-133.27,3.7136,98.451,0.21353,descent window,False,0.41909,0.12592,0.092306,0.013627,0.46948,0.48319,II
UGC09037,6,2,65,22,0.90909,0.00027357,17.251,0.86253,23.433,0.090529,0.37975,6.4009,0.75693,3.5847,0.22107,8.7805,1.7231,7.5338,10.243,-28.268,5.9856,-32.123,-25.283,-2.4162,30615,1786.8,-0.0041818,0.45981,0.1555,0.62687,3.0696,1115.7,0.78159,0.35922,0.87951,3.4263,2143.6,0.017083,6,16,6.7091,0.37273,19.073,14.709,0.09023,0.010546,0.51017,0.52519,0.0076411,1.1181,21.99,0.38438,20.673,0.46158,False,152.3,59.681,4.28,39.72,0,68.614,-4.3595,2.9165,1.5994,1.7231,single-L kept,False,0.06167,0.19624,0.21174,0.058364,0.11825,0.10859,--
UGC11455,6,1,90,36,0.86111,1.958e-07,135,3.9707,142.17,0.15513,0.45989,33.194,1.7761,4.6029,0.1516,20.24,2.6214,18.949,21.256,71.38,41.793,54.555,85.317,4.1504,63773,5782.1,-0.071717,3.0644,0.30724,1.7014,39.096,5596.3,4.9833,0.69102,3.0386,10.716,0.19755,1.0402e-05,25,11,99.867,3.1209,114.2,107.87,0.16986,0.00029417,0.52207,0.091514,1,4.4884,117.67,3.2178,135.44,3.7847,False,269.4,204.9,5.93,43.44,0,374.32,-27.969,3.4671,21.243,2.6214,descent window,True,0.032936,0.12952,0.5855,0.090667,0.053507,0.54772,IIIM
UGC11914,2,1,31,65,0.96923,8.9559e-14,139.84,2.2197,148.19,0.081107,0.66769,4.0252,0.34178,0.4894,0.028051,1.6201,0.13332,1.5355,1.7668,1.102,0.7921,0.75124,1.6173,2.2738,81826,757.2,0.00016682,0.16624,0.014127,0.11328,1.3806,2202.6,1.5324,0.14764,0.48868,0.41821,19001,0.0053815,15,50,60.572,0.99298,77.269,68.572,0.097159,3.4397e-11,0.80318,1.481e-10,0.50861,4.6091,81.444,1.0095,156.54,2.2924,False,288.1,83.627,2.44,9.26,37.158,150.03,-70.918,4.1744,79.266,0.13332,descent window,False,0.057317,0.082291,0.71878,0.0092538,0.08491,1.2528,III
UGC12506,6,2,86,31,0.93548,2.5819e-06,20.587,0.70989,27.455,0.15698,0.35399,13.769,2.3323,2.7108,0.39014,31.132,4.376,27.328,36.11,202.93,108.54,135.9,335.18,16.739,33696,11456,0.0059858,2.4975,0.42924,1.2641,20.348,2061.1,1.3748,0.27093,3.1202,19.561,185.04,0.044745,19,12,7.5176,0.27843,21.254,15.518,0.16282,0.05407,0.68924,0.012756,7.8421e-05,1.7256,24.687,0.28914,27.28,0.50163,False,234,117.07,7.38,59.01,0,139.57,-6.2014,3.434,6.0266,4.391,descent window,False,0.14392,0.14104,0.53486,0.33998,0.16939,0.15834,III
