Galaxy,T,Q,Inc,n,signs,A_pmp,A_mpm,p_runs1,Vflat,Rdisk,Lb,Mbar,chi2_S,chi2nu_S,BIC_S,RMS_S,pruns_S,DW_S,chi2_VW,chi2nu_VW,BIC_VW,RMS_VW,pruns_VW,DW_VW,chi2_2L,chi2nu_2L,BIC_2L,RMS_2L,pruns_2L,DW_2L,chi2_VW2,chi2nu_VW2,BIC_VW2,RMS_VW2,pruns_VW2,DW_VW2,chi2_2LVW,chi2nu_2LVW,BIC_2LVW,RMS_2LVW,pruns_2LVW,DW_2LVW,best,outcome,dBIC_best,ambiguous,k,params,errors,jk,sysD,sysI,hz_max,radii,pvals,relerr_max,jk_rel_max,pruns_best,DW_best,pSW_best,Plow_best,maxz_best,chi2nu_best,RMS_best,flagM,status
DDO064,10,1,60,14,+++---+++++---,0.78571,0.78571,0.014102,46.1,0.69,0,0.35913,2.8921,0.241,8.1702,0.30631,0.014102,0.63821,1.5132,0.15132,12.069,0.17607,0.14535,1.3545,1.8959,0.18959,12.452,0.25807,0.13292,1.3065,0.61925,0.077407,16.454,0.16033,0.39682,1.8878,1.3853,0.17317,17.22,0.25435,0.3129,1.3646,S,single-L kept,0,False,2,0.3578;1.282,0.105;0.175,0.0388;0.0721,0.107;0.383,0.0311;0.00012,0.0026295,R=1.28,,0.2936,0.10832,0.014102,0.63821,0.93537,0.0037407,0.99403,0.241,0.30631,False,single-L adequate
F563-1,9,1,25,17,---+++-----+++++-,0.76471,0.76471,0.012289,109.9,3.52,0,5.2075,3.5802,0.23868,9.2466,0.1655,0.012289,1.4187,2.9826,0.22943,14.315,0.16028,0.012289,1.3308,2.0862,0.16047,13.419,0.14446,0.45148,1.1923,2.0844,0.18949,19.084,0.14445,0.45148,1.1922,1.577,0.14336,18.576,0.14115,0.45148,1.1043,S,single-L kept,0,False,2,2.682;2.633,0.404;0.252,0.177;0.127,0.534;0.526,0.768;0.00156,0.0060012,R=2.63,,0.15049,0.066124,0.012289,1.4187,0.4246,0.0011796,1.0751,0.23868,0.1655,False,single-L adequate
NGC0024,5,1,64,29,-+--+++------+-++++++++++--++,0.7931,0.75862,0.023959,106.3,1.34,0,2.8436,6.4175,0.23769,13.152,0.085025,0.023959,0.7376,5.7685,0.23074,19.238,0.086525,0.17357,0.61852,4.2988,0.17195,17.768,0.085628,0.00024703,0.49157,2.6869,0.11682,22.891,0.054036,0.30351,1.4031,4.2876,0.18642,24.491,0.085696,6.5372e-05,0.49468,S,single-L kept,0,False,2,0.7099;0.7489,0.0572;0.0461,0.0352;0.0228,0.0349;0.0369,0.0331;3.53e-05,0.0034651,R=0.75,,0.080585,0.049553,0.023959,0.7376,0.46242,1.5313e-05,0.87415,0.23769,0.085025,False,single-L adequate
NGC0289,4,2,46,28,-++++-+++----+++++++++------,0.71429,0.78571,0.0012003,163,6.74,0,72.566,70.227,2.7011,76.892,0.11275,0.0012003,0.58551,52.757,2.1982,66.086,0.097428,0.1146,0.57967,61.775,2.574,75.104,0.15722,0.005068,0.59762,15.971,0.72595,35.964,0.080102,0.028168,0.92343,52.757,2.3981,72.751,0.097429,0.1146,0.57967,VW2,two virial windows,-40.928,False,6,0.05029;0.02;14.45;69.4;9.806;-146.5,0.00443;0.00186;1.67;27.9;2.62;32.2,0.00203;1.66e-10;1.28;16.3;1.79;27.6,0.028;0.0104;3.52;32;0.0243;6.08,0.00647;0;0.324;9.76;0.449;26.5,0.82077,R=0.02;r_v1=14.47;r_v2=24.28,p=1.38e+03;q=-2.91e+03,0.40203,0.23465,0.028168,0.92343,0.021967,0.18267,2.4746,0.72595,0.080102,False,phenomenological
NGC0300,7,2,42,25,+++---+++---------++++---,0.76,0.76,0.0014188,93.3,1.75,0,2.7059,30.24,1.3148,36.678,0.14374,0.0014188,0.76683,8.4028,0.40013,21.278,0.065343,0.016503,1.0564,8.4558,0.40266,21.331,0.065423,0.016503,1.0552,5.3827,0.2833,24.696,0.064425,0.084216,1.2311,5.3608,0.28215,24.674,0.063676,0.077177,1.2548,VW,one virial window (C-like),-15.4,True,4,0.4756;1.174;1.312;-4.052,0.124;0.157;0.183;0.302,0.0658;0.0766;0.119;0.341,0.0228;0.0563;0.063;0.193,0.133;0.000505;0.000242;1.14,0.011753,R=1.17;r_v=2.49,p=-6.52,0.26107,0.1383,0.016503,1.0564,0.13562,0.0068138,1.3828,0.40013,0.065343,False,clean
NGC1090,4,1,64,24,+++-+++++++++++++++-----,0.875,0.875,0.00034798,164.4,3.53,0,47.704,79.969,3.635,86.326,0.12332,0.00034798,0.86062,33.998,1.6999,46.71,0.16802,0.56255,2.3439,73.425,3.6712,86.137,0.1298,0.0026249,1.3187,23.042,1.2801,42.11,0.14648,0.56255,2.2081,9.7176,0.53987,28.786,0.077443,0.78276,2.122,2LVW,two-L + disk window,-57.54,False,6,21.15;3.247;9.63;0.01194;7.668;17.89,4.94e+07;2.53e+06;1;2.53e+06;1.27;4.17,17.3;1.24;4.52;0.00844;2.67;3.41,3.77;0.732;2.4;0.0809;1.91;4.37,0.96;0.00137;0.45;0.00154;0.000254;0.842,0.48925,R1=3.25;R2=3.26;r_v=10.93,p=3.86,2.1152e+08,0.81664,0.78276,2.122,0.39406,0.059266,1.698,0.53987,0.077443,False,weakly constrained
NGC2841,3,1,76,50,-+++++++++++++++++++++++++++++++-----------------+,0.96,0.96,2.4057e-10,284.8,3.64,46.062,116.27,446.72,9.3067,454.54,0.12718,2.4057e-10,0.20083,63.374,1.3777,79.022,0.038399,0.00067226,0.34473,446.72,9.7113,462.37,0.12718,2.4057e-10,0.20083,17.745,0.4033,41.217,0.019955,0.0021793,0.84524,63.374,1.4403,86.846,0.038399,0.00067226,0.34473,VW2,two virial windows,-413.32,False,6,10.46;1.197;11.82;128.5;31.33;-305.7,2.23;0.225;0.846;10.2;2.06;98.1,1.04;0.103;0.556;10.6;1.64;39.7,1.03;0.118;1.17;12.4;3.11;28.7,0.565;0.000151;0.000623;7.01;0.000898;16.9,0.07125,R=1.20;r_v1=13.02;r_v2=44.35,p=14.3;q=-27.2,0.32093,0.12979,0.0021793,0.84524,0.20035,0.000144,1.4659,0.4033,0.019955,False,clean
NGC2915,11,2,56,30,-+----++++++++-++---------++++,0.8,0.8,0.001475,83.5,0.55,0,0.99614,7.2389,0.25853,14.041,0.12309,0.001475,0.5073,3.7354,0.14367,17.34,0.096508,0.03657,0.76076,6.7377,0.25914,20.343,0.11825,0.0053997,0.77548,1.1851,0.04938,21.592,0.087973,0.5,1.9416,3.5302,0.14709,23.937,0.090477,0.03657,0.76554,S,single-L kept,0,False,2,0.7387;1.227,0.128;0.174,0.0658;0.0937,0.0362;0.0603,0.0619;0.000161,0.0048934,R=1.23,,0.17323,0.08907,0.001475,0.5073,0.50323,2.6674e-05,1.3664,0.25853,0.12309,False,single-L adequate
NGC4138,0,2,53,7,+++----,0.71429,0.57143,0.019625,147.3,1.51,8.4683,25.722,24.557,4.9114,28.449,0.25804,0.019625,0.9709,0.72363,0.24121,8.5073,0.072411,0.88787,1.4873,4.3778,1.4593,12.161,0.14659,0.358,3.1088,,,,,,,,,,,,,VW,one virial window (C-like),-19.942,False,4,3.615;1.061;5.028;41.84,3.56;0.876;1.62;16.2,54.8;4.05;6.14;11.7,0.501;0.147;0.697;5.72,0.26;2.28e-05;0.000381;3.03,0.014331,R=1.06;r_v=6.09,p=13.6,0.98414,15.163,0.88787,1.4873,0.53099,0.13237,0.59644,0.24121,0.072411,False,weakly constrained
NGC6015,6,2,60,44,++++----+++++++--+---------++++++++---------,0.68182,0.72727,2.5662e-06,154.1,2.3,0,23.824,363.86,8.6634,371.43,0.13953,2.5662e-06,0.44079,290.86,7.2714,305.99,0.15875,4.0077e-05,0.61014,301.67,7.5419,316.81,0.095727,6.6336e-05,0.38785,274.78,7.2312,297.49,0.1608,0.00043646,0.62796,62.949,1.6566,85.654,0.064464,0.0030941,0.83479,2LVW,two-L + disk window,-285.78,False,6,0.8956;0.7249;7.21;1.576;1.194;-1.305,0.0765;0.0384;0.627;0.0993;0.187;0.383,0.115;0.0579;0.666;0.125;0.189;0.504,0.268;0.217;1.58;0.396;0.591;0.239,0.034;1.09e-05;0.274;3.73e-05;4.72e-05;0.0497,0.0047499,R1=0.72;R2=2.30;r_v=3.49,p=1.82,0.29335,0.38632,0.0030941,0.83479,0.93288,0.99334,2.8256,1.6566,0.064464,False,clean
NGC7814,2,1,90,18,++++++++++--------,0.88889,0.88889,5.132e-05,218.9,2.54,50.402,48.768,47.425,2.9641,53.206,0.11383,5.132e-05,0.1503,9.3441,0.66743,20.906,0.030566,0.0021927,0.54595,47.425,3.3875,58.987,0.11383,5.132e-05,0.1503,2.966,0.24717,20.308,0.018415,0.0097406,0.71005,9.1198,0.75998,26.462,0.030089,0.0021927,0.55165,VW,one virial window (C-like),-32.3,True,4,3.439;0.3787;0.5531;8.977,355;23.4;43.2;3.58,0.0128;2.94e-11;0.734;1.63,3.33;0.359;0.908;0.188,3.33;0.359;0.842;0.199,0.0056122,R=0.38;r_v=0.93,p=4.61,103.13,1.3275,0.0021927,0.54595,0.24002,0.1916,1.8729,0.66743,0.030566,False,weakly constrained
PGC51017,11,3,66,6,+++---,0.5,0.5,0.033945,18.6,0.53,0,0.34483,0.83725,0.20931,4.4208,0.095902,0.033945,0.44023,0.041115,0.020558,7.2082,0.01542,0.92135,2.4991,0.71468,0.35734,7.8817,0.087641,0.063315,0.89319,,,,,,,,,,,,,S,single-L kept,0,False,2,0.0005613;0.02,0.00692;0.245,2e-05;3.48e-13,4.32e-07;1.11e-13,2.38e-05;1.11e-13,0.00096284,R=0.02,,12.333,0.035673,0.033945,0.44023,0.63949,0.066615,0.53253,0.20931,0.095902,False,single-L adequate
UGC00128,8,1,57,22,++++---+++++++----+---,0.72727,0.77273,0.0046008,129.3,5.95,0,15.893,121.89,6.0947,128.08,0.18469,0.0046008,0.92561,98.968,5.4982,111.33,0.1934,0.2877,1.1109,113.54,6.3078,125.9,0.05528,0.040256,0.98981,47.176,2.9485,65.722,0.11106,0.56537,1.5585,88.94,5.5588,107.49,0.050545,0.38666,1.286,VW2,two virial windows,-62.358,False,6,4.753;3.754;9.771;-23.85;13.49;7.616,0.558;0.321;0.702;1.39;1.49;5.13,0.526;0.309;2.16;5.42;3.79;7.33,0.0903;0.207;2.07;10.4;4.31;10.8,0.306;0.35;0.135;4.48;0.0744;1.2,0.067439,R=3.75;r_v1=13.53;r_v2=27.01,p=-3.02;q=3.6,0.67373,0.96275,0.56537,1.5585,0.13402,0.99994,2.8776,2.9485,0.11106,True,weakly constrained
UGC01281,8,1,90,25,--++++++++-------+++++---,0.8,0.8,0.0002595,55.2,1.63,0,0.56752,0.61697,0.026825,7.0547,0.065449,0.0002595,0.65515,0.35433,0.016873,13.23,0.064838,0.0014188,0.58108,0.5369,0.025567,13.412,0.064835,0.0011963,0.8157,0.084303,0.004437,19.398,0.062066,0.016503,0.69417,0.18642,0.0098114,19.5,0.06211,0.013659,1.0164,S,single-L kept,0,False,2,0.6915;1.965,0.109;0.153,0.0236;0.0285,0.0313;0.0892,2.11e-06;7.56e-09,0.0043687,R=1.96,,0.15749,0.034059,0.0002595,0.65515,0.087472,7.359e-15,0.49233,0.026825,0.065449,False,single-L adequate
UGC02487,0,1,36,17,++++++++++-------,0.88235,0.88235,8.867e-05,332,7.89,106.21,290.11,572.27,38.151,577.93,0.12523,8.867e-05,0.39376,30.389,2.3376,41.722,0.046845,0.014092,0.74871,521.91,40.147,533.24,0.17279,0.0033349,1.4283,7.2082,0.65529,24.207,0.025959,0.45148,1.5671,28.744,2.6131,45.743,0.045571,0.16504,2.0489,VW2,two virial windows,-553.72,False,6,7.68;0.6845;35.15;794.3;17.29;87.15,8.4;0.736;1.9;157;3.69;120,6.76;0.593;1.05;75.5;1.93;83.7,1.13;0.101;5.29;113;2.6;12.4,1.53;0.00145;0.00183;160;0.00105;17.6,0.099607,R=0.68;r_v1=35.83;r_v2=53.12,p=105;q=13.3,1.3818,0.96009,0.45148,1.5671,0.048572,0.21802,1.8726,0.65529,0.025959,False,phenomenological
UGC03546,1,1,55,30,+++++++++++++++---++-++-------,0.8,0.8,0.00016939,196.9,3.79,27.346,59.695,95.328,3.4046,102.13,0.17482,0.00016939,0.66917,39.468,1.518,53.073,0.16632,0.016437,0.97978,95.328,3.6665,108.93,0.17482,0.00016939,0.66917,19.106,0.79607,39.513,0.058206,0.012555,1.7717,40.172,1.6738,60.579,0.16857,0.016437,0.96717,VW2,two virial windows,-62.617,False,6,0.1042;0.02;0.5943;3.719;14.74;46.93,3.87;0.724;0.969;1.58;1.54;34.4,0.442;0.000376;0.681;0.39;0.267;9.28,0.27;8.16e-09;0.498;0.962;0.452;25.8,0.000541;0.00223;0.0142;0.392;0.012;4.93,0.11522,R=0.02;r_v1=0.61;r_v2=15.35,p=37.7;q=452,37.104,4.2373,0.012555,1.7717,0.002567,0.25367,1.8662,0.79607,0.058206,False,phenomenological
UGC06786,0,1,64,45,++++++--------------+-++--+---+++++++-++-----,0.77778,0.75556,0.00035207,219.4,3.6,18.85,47.163,60.741,1.4126,68.355,0.25662,0.00035207,0.33445,29.743,0.72545,44.97,0.041554,2.2044e-06,0.46898,37.192,0.90713,52.419,0.043617,0.010764,0.61916,12.273,0.31469,35.113,0.017516,0.0010975,1.1225,23.568,0.6043,46.407,0.02817,0.063732,1.0205,VW2,two virial windows,-33.242,False,6,0.1723;0.06449;1.811;-8.574;20.85;88.71,0.214;0.0771;0.179;0.675;0.883;29.2,0.0245;0.00871;0.0904;0.556;0.562;21.5,0.0547;0.0203;0.606;3.2;0.576;56.8,0.00814;4.02e-05;0.000733;0.406;0.00132;4.12,0.12582,R=0.06;r_v1=1.88;r_v2=22.73,p=-47.8;q=517,1.2409,0.24185,0.0010975,1.1225,0.0004958,1.3107e-05,2.1529,0.31469,0.017516,False,phenomenological
UGC09133,2,1,53,68,++++++++++++++++++++++++++++++++++++++++++++++----+++++-------------,0.91176,0.91176,8.6414e-14,226.8,6.97,80.515,202.03,4224.5,64.008,4233,0.22164,8.6414e-14,0.35596,328.97,5.1401,345.85,0.059628,5.1215e-09,0.55534,3778.6,59.041,3795.5,0.23293,5.6212e-14,0.49296,291.9,4.7081,317.22,0.035075,3.8593e-08,0.65221,328.97,5.3059,354.28,0.059636,5.1215e-09,0.55535,VW2,two virial windows,-3915.8,False,6,0.374;0.05998;15.56;113.9;54.8;824.8,0.0196;0.00314;0.548;5.68;1.77;209,0.018;0.0029;2.48;30.6;5.95;194,0.272;0.0432;2.96;22.7;11.1;165,9.1e-06;0.00903;0.0421;15;0.0332;109,1.1257,R=0.06;r_v1=15.62;r_v2=70.42,p=307;q=2.21e+03,0.25324,0.26863,3.8593e-08,0.65221,7.4674e-10,1,9.4346,4.7081,0.035075,True,phenomenological
