Galaxy,T,Q,Inc,eInc,D,eD,fD,n,signs,p_runs1,min_runs_p,Vflat,Mbar,Rdisk,mean_relerr,med_eV,chi2_S,chi2nu_S,BIC_S,RMS_S,pruns_S,chi2_VW,chi2nu_VW,BIC_VW,RMS_VW,pruns_VW,chi2_2L,chi2nu_2L,BIC_2L,RMS_2L,pruns_2L,chi2_VW2,chi2nu_VW2,BIC_VW2,RMS_VW2,pruns_VW2,DW_S,pSW_S,maxz_S,n_out3,n_out2,frac_chi2_worst,P_high,sigma_int,sigma_int_rel,M_sint,R_sint,chi2nu_drop1,r_worst,z_worst,M_drop1,R_drop1,M_rob,R_rob,M,eM,R,eR,sM,sR,best,dBIC_best,chi2nu_best,RMS_best,pruns_best,DW_best,status,relerr_max,jk_rel_max,radii,pvals,params,errors,VW_rv,VW_p,VW_R,dBIC_VW,n_after,n_before,kind
DDO168,10,2,63,6,4.25,0.21,2,10,+++--+++--,0.10304,0.0036452,53.4,0.64479,1.02,0.062834,1.6,23.36,2.92,27.965,0.23545,0.10304,11.035,1.8392,20.246,0.14197,0.5,13.275,2.2125,22.485,0.13797,0.5,4.4557,1.1139,18.271,0.12196,0.91014,1.3663,0.86729,3.1571,1,2,0.42667,0.0029315,2.0665,0.043053,0.53324,1.6105,1.8174,0.82,3.1571,0.60762,1.7219,0.5968,1.7093,0.57825,0.050066,1.6732,0.067312,0.058953,0.082456,VW,-7.719,1.8392,0.14197,0.5,1.4919,weakly constrained,0.35814,0.61368,R=0.75;r_v=1.46,p=-12.9,0.08274;0.7495;0.7117;-1.235,0.0296;0.125;0.0998;0.0993,1.4612,-12.927,0.74949,-7.719,7,3,rising window (B-like)
ESO444-G084,10,2,32,6,4.83,0.48,2,7,++--+++,0.18103,0.019625,0,0.21505,0.46,0.070925,3,15.721,3.1442,19.613,0.22746,0.18103,1.0838,0.36126,8.8674,0.066114,0.68619,1.0965,0.3655,8.8801,0.066387,0.68619,,,,,,1.282,0.56715,2.9627,0,1,0.55836,0.0076882,2.3439,0.044392,0.28141,0.82773,1.3772,0.26,2.9627,0.35562,0.98168,0.30013,0.86624,0.28774,0.037086,0.84229,0.075757,0.079919,0.083517,VW,-10.746,0.36126,0.066114,0.68619,2.8066,weakly constrained,0.37032,1.0779,R=0.35;r_v=1.11,p=-18.1,0.04761;0.3456;0.7652;-0.9579,0.0176;0.0571;0.122;0.163,1.1108,-18.118,0.34559,-10.746,5,2,rising window (B-like)
NGC0801,5,1,80,1,80.7,8.07,1,13,--+++++-+----,0.075587,0.00072431,220.1,187.14,8.72,0.026848,6.2,118.85,10.805,123.98,0.17473,0.075587,13.891,1.5434,24.15,0.073772,0.62324,67.905,7.545,78.165,0.10888,0.19703,11.252,1.6074,26.642,0.07022,0.87193,0.6972,0.14615,5.7809,4,6,0.28118,0,18.013,0.082253,4.7164,1.1691,8.4399,3.52,5.7809,4.4755,1.1553,4.6658,1.2087,4.4195,0.19602,1.132,0.044013,0.4404,0.11287,VW,-99.83,1.5434,0.073772,0.62324,2.8369,clean,0.35769,0.50045,R=1.72;r_v=4.19,p=3.49,11.74;1.722;2.472;17.53,1.21;0.0831;0.652;6.27,4.1942,3.4933,1.7224,-99.83,8,5,descent window (C-like)
NGC2683,3,2,80,5,9.81,0.49,2,11,++++-+-----,0.057666,0.0021334,154,43.155,2.18,0.052772,10,97.114,10.79,101.91,0.32118,0.057666,7.7675,1.1096,17.359,0.088414,0.94876,30.361,4.3373,39.953,0.19533,0.22485,5.5062,1.1012,19.894,0.088841,0.73563,0.52853,0.31492,4.6825,5,7,0.22577,1.1102e-16,22.347,0.12992,0.04745,0.02,8.8742,5.77,4.6825,0.051444,0.02,0.053104,0.02,0.054395,1.2788,0.02,0.46964,0.0012365,4.696e-13,VW,-84.551,1.1096,0.088414,0.94876,3.0175,weakly constrained,0.4719,0.94387,R=1.47;r_v=7.77,p=10.9,6.174;1.472;6.296;54.78,2.91;0.55;1.13;6.94,7.7676,10.873,1.4719,-84.551,9,2,descent window (C-like)
NGC2955,3,1,56,7,97.9,9.8,1,24,+--+-++++--+--++++++----,0.11003,2.1987e-06,0,212.42,18.76,0.034295,8.59,67.295,3.0589,73.652,0.11096,0.11003,51.403,2.5702,64.116,0.078194,0.38721,54.246,2.7123,66.959,0.085029,0.23684,34.335,1.9075,53.404,0.064691,0.33818,1.3097,0.30711,4.1256,2,4,0.25293,1.7499e-06,10.3,0.040314,3.7604,0.69228,2.2863,1.55,-4.1256,3.6851,0.66972,3.7003,0.67674,3.7793,0.16249,0.69242,0.024163,0.63284,0.069253,VW2,-20.248,1.9075,0.064691,0.33818,1.575,phenomenological,147.06,0.85101,R=0.60;r_v1=1.55;r_v2=22.98,p=-1.92;q=106,2.806;0.6047;0.9453;-11;21.43;290.7,270;26.9;139;1.92;164;688,24.126,76.478,0.70454,-9.536,23,1,two windows (D-like)
NGC2998,5,1,58,2,68.1,10.2,1,13,++--++++++++-,0.085361,0.00072431,209.9,106.64,6.2,0.058856,5,21.802,1.982,26.932,0.25034,0.085361,8.2185,0.91316,18.478,0.25271,0.30088,17.547,1.9496,27.807,0.078511,0.039721,3.2594,0.46562,18.649,0.06179,0.14389,1.1327,0.014886,3.4335,1,1,0.54071,0.025951,4.6304,0.022478,3.6761,1.0348,0.83854,42.28,-3.4335,3.839,1.0621,3.6128,1.0049,3.6375,0.43178,1.0199,0.11701,0.56166,0.15211,VW,-8.454,0.91316,0.25271,0.30088,1.5054,weakly constrained,0.4244,0.2664,R=1.07;r_v=36.73,p=75.7,3.864;1.067;35.66;284.7,0.483;0.128;1.55;121,36.732,75.697,1.0672,-8.454,2,11,descent window (C-like)
NGC3893,5,1,49,2,18,2.5,4,10,-+++-+----,0.28707,0.0036452,174,36.975,2.38,0.047949,6.9,11.616,1.452,16.221,0.12806,0.28707,2.7204,0.4534,11.931,0.055832,0.55586,6.9968,1.1661,16.207,0.08706,0.089856,1.3583,0.33957,15.174,0.028742,0.93887,0.63286,0.85166,2.014,0,1,0.34917,0.16916,5.6049,0.030712,2.9821,1.0364,1.0045,5.24,2.014,3.0837,1.0745,3.2359,1.1049,3.1508,0.54357,1.0757,0.15811,0.47121,0.14894,S,0,1.452,0.12806,0.28707,0.63286,single-L kept,0.17252,0.72149,R=1.08,,3.151;1.076,0.544;0.158,6.3171,4.6547,1.3711,-4.29,,,single-L kept
NGC4051,4,2,49,3,18,2.5,4,7,+--++--,0.358,0.019625,157,51.221,4.65,0.060744,7.4,13.041,2.6081,16.932,0.26986,0.358,5.2246,1.7415,13.008,0.11135,0.358,4.4404,1.4801,12.224,0.079208,0.358,,,,,,1.7262,0.32448,2.733,0,1,0.57279,0.023001,10.424,0.068134,3.0624,1.526,1.1101,1.74,2.733,7.2025,2.9252,6.9323,2.8521,5.8223,1.2711,2.498,0.39947,0.9361,0.34489,S,0,2.6081,0.26986,0.358,1.7262,single-L kept,0.21831,0.66824,R=2.50,,5.822;2.498,1.27;0.399,3.5,-9.9398,0.8477,-3.924,,,single-L kept
NGC6195,3,1,62,5,127.8,12.8,1,23,-+++---++-+-+-+++++++--,0.33376,3.707e-06,251.7,244.26,13.94,0.03037,6.51,38.486,1.8327,44.757,0.12106,0.33376,22.85,1.2027,35.392,0.050015,0.33376,38.486,2.0256,51.028,0.12106,0.33376,10.525,0.61911,29.338,0.039281,0.24881,1.2643,0.096702,3.4157,1,4,0.30315,0.011297,5.0531,0.020458,3.2739,0.6674,1.141,1.33,-3.4157,1.3318,0.28142,1.9054,0.39621,2.3875,0.46957,0.49428,0.091755,0.30489,0.049171,VW2,-15.419,0.61911,0.039281,0.24881,1.3597,weakly constrained,0.46501,0.32239,R=1.32;r_v1=2.92;r_v2=6.34,p=3;q=0.578,9.181;1.317;1.604;9.176;3.419;-13.05,1.81;0.156;0.351;4.27;1.14;4.91,2.3406,1.7072,1.314,-9.365,21,2,two windows (D-like)
UGC00191,9,1,45,5,17.1,5.1,1,9,+-+--+-++,0.8696,0.0063875,0,2.7882,1.58,0.042664,1.87,22.79,3.2558,27.185,0.13061,0.8696,9.8729,1.9746,18.662,0.10904,0.5,10.053,2.0106,18.842,0.10772,0.8696,,,,,,1.495,0.91064,3.4106,1,2,0.51039,0.001854,2.2423,0.038928,0.71398,1.2554,1.5323,0.62,3.4106,0.74963,1.3041,0.72382,1.2649,0.71203,0.02638,1.2478,0.035213,0.23604,0.37092,VW,-8.523,1.9746,0.10904,0.5,2.6748,weakly constrained,0.26847,1.1128,R=0.72;r_v=1.28,p=-6.49,0.1871;0.719;0.5566;-1.589,0.0502;0.0813;0.0741;0.0725,1.2757,-6.4899,0.71904,-8.523,6,3,rising window (B-like)
UGC00634,9,2,37,8,30.9,7.7,1,4,+-+-,1,0.11034,0,6.3663,2.45,0.026732,1.975,3.7224,1.8612,6.495,0.035449,0.88966,,,,,,,,,,,,,,,,2.6916,0.96497,1.4517,0,0,0.56618,0.15548,1.3925,0.013572,5.0425,4.483,1.0959,18.01,-1.4517,5.4714,4.6919,5.2272,4.5656,5.1919,0.4646,4.5474,0.29647,1.9247,1.1259,S,0,1.8612,0.035449,0.88966,2.6916,single-L kept,0.089486,0.10678,R=4.55,,5.192;4.547,0.465;0.296,,,,,,,single-L kept
UGC00891,9,2,60,5,10.2,3.1,1,5,++-++,1,0.063315,0,0.75624,1.43,0.037464,0.95,3.2177,1.0726,6.4365,0.10758,0.79289,,,,,,,,,,,,,,,,1.5536,0.2262,1.1083,0,0,0.38174,0.35927,0.24963,0.0046099,1.2216,2.9282,0.64939,4.45,-1.1083,1.1914,2.8644,1.2174,2.9196,1.2256,0.081549,2.9349,0.12011,0.3847,0.88685,S,0,1.0726,0.10758,0.79289,1.5536,single-L kept,0.066536,0.11473,R=2.93,,1.226;2.935,0.0815;0.12,,,,,,,single-L kept
UGC02455,10,3,51,5,6.92,2.08,1,8,++++---+,0.074679,0.010973,0,2.8925,0.99,0.11394,3.64,9.5704,1.5951,13.729,0.36886,0.074679,2.9615,0.74038,11.279,0.1997,0.5,4.5391,1.1348,12.857,0.21501,0.5,,,,,,0.25585,0.53388,1.8983,0,0,0.37654,0.14395,2.8079,0.07789,2.2833,3.4345,1.1805,1,1.8983,2.5932,3.6082,2.5674,3.5937,2.2831,1.4309,3.4344,0.77349,0.73427,1.0265,S,0,1.5951,0.36886,0.074679,0.25585,single-L kept,0.62672,0.76198,R=3.43,,2.283;3.434,1.43;0.773,2.7879,-35.317,0.98663,-2.45,,,single-L kept
UGC05716,9,2,54,10,21.3,5.3,1,12,+++--+++++++,0.056409,0.0012323,73.1,1.749,1.14,0.022574,1.035,92.817,9.2817,97.787,0.2494,0.056409,14.818,1.8522,24.758,0.049033,0.30135,20.66,2.5825,30.599,0.073685,0.27241,8.5929,1.4321,23.502,0.043821,0.54146,0.8004,0.64942,5.6841,4,6,0.34809,1.4433e-15,3.599,0.05145,0.87788,1.9224,6.2081,2.07,5.6841,1.2333,2.5431,1.1607,2.4116,1.1409,0.042613,2.4104,0.059607,0.35521,0.5955,VW,-73.029,1.8522,0.049033,0.30135,1.2299,clean,0.18388,0.56752,R=1.00;r_v=3.68,p=-7.98,0.2958;0.9968;2.688;-2.952,0.0544;0.139;0.143;0.129,3.6848,-7.9774,0.9968,-73.029,9,3,rising window (B-like)
UGC05764,10,2,60,10,7.47,2.24,1,10,+--+-++---,0.55586,0.0036452,0,0.25929,1.17,0.033355,0.96,30.349,3.7936,34.954,0.19432,0.55586,16.973,2.8288,26.183,0.16879,0.92962,19.134,3.189,28.344,0.16434,0.93887,7.2424,1.8106,21.058,0.027401,0.74365,1.1202,0.36357,2.5969,0,5,0.22221,0.00018338,2.5722,0.051496,0.20567,0.76,3.3392,0.36,2.5969,0.24477,0.83839,0.23574,0.81901,0.23789,0.014223,0.82178,0.033597,0.079601,0.24575,VW2,-13.896,1.8106,0.027401,0.74365,2.7944,weakly constrained,0.4485,1.1681,R=0.37;r_v1=0.83;r_v2=2.77,p=-11.2;q=46.3,0.04298;0.3731;0.4602;-0.5684;1.935;1.902,0.012;0.0531;0.0593;0.0441;0.114;0.853,2.8022,9.3927,0.86806,-8.771,8,2,two windows (D-like)
UGC11820,9,1,45,10,18.1,5.43,1,10,++++++--++,0.087422,0.0036452,0,3.1144,2.08,0.10342,2.335,53.78,6.7225,58.385,0.66412,0.087422,0.84805,0.14134,10.058,0.15879,0.80037,0.85789,0.14298,10.068,0.1588,0.80037,0.62729,0.15682,14.443,0.14915,0.80037,0.44339,0.95003,4.4238,2,4,0.36389,7.617e-09,9.597,0.185,2.5484,4.0901,4.8865,0.79,4.4238,3.0576,4.6504,3.0226,4.6071,3.0488,0.14513,4.641,0.1463,1.1941,1.381,VW,-48.327,0.14134,0.15879,0.80037,1.568,clean,0.10213,0.35329,R=0.82;r_v=6.31,p=-30.3,0.2521;0.8202;5.489;-8.14,0.0257;0.0658;0.323;0.8,6.3096,-30.294,0.82018,-48.327,4,6,rising window (B-like)
UGCA442,9,1,64,7,4.35,0.22,2,8,++--+++-,0.26832,0.010973,56.4,0.41979,1.18,0.054095,1.91,8.8148,1.4691,12.974,0.2145,0.26832,2.8761,0.71904,11.194,0.049342,0.26832,2.8149,0.70372,11.133,0.048822,0.26832,,,,,,1.1545,0.91032,2.1512,0,1,0.525,0.18427,1.2925,0.024904,0.50399,1.6535,0.81176,0.42,2.1512,0.50473,1.6705,0.48616,1.6234,0.49048,0.039707,1.6338,0.095443,0.053444,0.082273,S,0,1.4691,0.2145,0.26832,1.1545,single-L kept,0.080955,0.1383,R=1.63,,0.4905;1.634,0.0397;0.0954,1.5223,-17.899,0.58828,-1.78,,,single-L kept
