Galaxy,T,Q,n,R,eR,M,eM,chi2nu1,RMSrel1,BIC1,p_runs,A_pmp,A_mpm,category,r_cross1,signs,double_2018,seed_found_best,dBIC,accepted,tentative
CamB,10,2,9,1.3733,0.28258,0.086487,0.047643,0.039408,0.043792,4.6703,0.5,0.66667,0.77778,A: single-L adequate,,+--++++-+,False,,,,
D512-2,10,2,4,0.99716,0.16452,0.13223,0.040918,0.067354,0.055036,2.9073,1,,,A: single-L adequate,,-++-,False,,,,
D564-8,10,2,6,1.0742,0.13082,0.06466,0.015074,0.15455,0.091652,4.2017,0.18066,0.83333,0.16667,A: single-L adequate,,+---++,False,,,,
D631-7,10,1,16,2.445,0.12826,0.79012,0.080193,1.3346,0.18386,24.229,0.0023389,1,0.5625,B: +-+ wave (double-L candidate),2.69,+++++----+++++++,True,True,-10.446,True,False
DDO064,10,1,14,1.2817,0.1749,0.3578,0.10505,0.241,0.30631,8.1702,0.014102,0.78571,0.78571,"D: structured, other",,+++---+++++---,False,,,,
DDO154,10,2,12,1.7632,0.031998,0.4093,0.01167,7.4331,0.20953,79.301,0.038384,0.83333,0.75,B: +-+ wave (double-L candidate),1.97,+++---++++--,False,True,-41.561,True,True
DDO161,10,1,31,3.84,0.13367,1.6485,0.083106,2.1491,0.34761,69.192,9.0202e-05,0.90323,0.64516,B: +-+ wave (double-L candidate),3.9,++++++++++---------++-+++++++--,True,True,-45.066,True,False
DDO168,10,2,10,1.6732,0.067312,0.57825,0.050066,2.92,0.23545,27.965,0.10304,0.8,0.7,"E: poor, unstructured",,+++--+++--,False,,,,
DDO170,10,2,8,2.9183,0.15066,1.017,0.075422,0.49815,0.076061,7.1478,0.93668,0.625,0.625,A: single-L adequate,,+-+-+--+,False,,,,
ESO079-G014,4,1,15,5.0858,0.1841,15.872,0.83874,1.117,0.34527,19.937,0.0093345,0.93333,0.66667,B: +-+ wave (double-L candidate),5.65,++++++-----+++-,False,True,-1.1925,False,False
ESO116-G012,7,1,15,1.9694,0.080115,2.1751,0.12606,2.5703,0.25926,38.83,0.0070822,1,0.6,B: +-+ wave (double-L candidate),2.68,++++---++++++++,False,True,-11.662,True,False
ESO444-G084,10,2,7,0.84229,0.075758,0.28774,0.037086,3.1442,0.22746,19.613,0.18103,1,0.28571,"E: poor, unstructured",,++--+++,False,,,,
ESO563-G021,4,1,30,5.1018,0.078183,47.525,1.277,3.3818,0.11623,101.49,4.1932e-06,0.83333,0.93333,C: -+- wave (declining / virial),,++---++++++++++++-------------,False,,,,
F561-1,9,3,6,2.2166,0.74085,0.52435,0.24768,0.012105,0.021211,3.6319,0.5,0.5,0.5,A: single-L adequate,,+--++-,False,,,,
F563-1,9,1,17,2.6327,0.25219,2.6817,0.40356,0.23868,0.1655,9.2466,0.012289,0.76471,0.76471,"D: structured, other",,---+++-----+++++-,False,,,,
F563-V1,10,3,6,1.9834,0.77443,0.159,0.095556,0.13676,0.10992,4.1305,0.23975,0,1,A: single-L adequate,,--++--,False,,,,
F563-V2,10,1,10,1.8253,0.24365,2.3298,0.53096,0.032011,0.047654,4.8613,0.16305,0.5,0.9,A: single-L adequate,,+---++----,False,,,,
F565-V2,10,2,7,3.5571,0.6114,2.4987,0.74381,0.043915,0.084864,4.1114,0.11263,0.85714,0.28571,A: single-L adequate,,++----+,False,,,,
F567-2,9,3,5,2.1673,0.67325,0.52658,0.25031,0.14516,0.089473,3.6543,1,,,A: single-L adequate,,-+--+,False,,,,
F568-1,5,1,12,2.6713,0.31686,4.2867,0.80986,0.053932,0.093561,5.5091,0.0077151,1,0.5,B: +-+ wave (double-L candidate),3.08,+++------+++,False,True,4.6109,False,False
F568-3,7,1,18,3.6495,0.23772,3.8604,0.53749,0.19264,0.092371,8.863,0.013766,0.94444,0.72222,B: +-+ wave (double-L candidate),5.39,++-+++++++-----+++,False,True,4.0254,False,False
F568-V1,7,1,15,2.1596,0.31661,2.6106,0.59105,0.081432,0.14543,6.4747,0.0080827,0.66667,0.8,C: -+- wave (declining / virial),,+++---++++-----,False,,,,
F571-8,5,1,13,3.0842,0.17976,5.2652,0.48578,3.7939,0.34667,46.862,0.0046387,1,0.61538,B: +-+ wave (double-L candidate),3.44,++++------+++,True,True,-32.646,True,True
F571-V1,7,2,7,3.5397,0.75638,2.3841,0.73751,0.039394,0.060124,4.0888,0.358,0.71429,0.57143,A: single-L adequate,,+---++-,False,,,,
F574-1,7,1,14,2.3142,0.15868,1.9898,0.19817,0.15685,0.10898,7.1604,0.0028604,1,0.71429,B: +-+ wave (double-L candidate),2.35,++------++++++,False,True,3.7384,False,False
F574-2,9,3,5,5.5723,3.0824,1.0089,1.11,0.032855,0.1429,3.3174,1,,,A: single-L adequate,,++--+,False,,,,
F579-V1,5,1,14,0.98341,0.234,0.99981,0.29118,0.098295,0.10772,6.4577,0.0027034,0.92857,0.78571,B: +-+ wave (double-L candidate),2.11,+-------++++++,False,True,4.5261,False,False
F583-1,9,1,25,2.915,0.19249,1.7753,0.22405,0.21287,0.25002,11.334,0.058623,0.88,0.64,A: single-L adequate,,++-+++++++------+-+-+++++,False,,,,
F583-4,5,1,12,1.3598,0.17457,0.48727,0.085489,0.55904,0.23905,10.56,0.12608,0.91667,0.5,A: single-L adequate,,+++----+-+++,True,,,,
IC2574,9,2,34,5.4353,0.099148,2.5821,0.1206,13.128,0.25128,427.14,6.8308e-06,0.94118,0.67647,B: +-+ wave (double-L candidate),4.84,++++++++++++++---------++--+++++++,True,False,-374.1,True,False
IC4202,4,1,32,2.9783,0.056895,16.147,0.46341,1.3073,0.080927,46.151,0.021285,0.65625,0.84375,C: -+- wave (declining / virial),,----++-+++++++-+-+--++----------,False,,,,
KK98-251,10,2,15,1.5526,0.11415,0.22847,0.037933,0.17554,0.066328,7.6981,0.012804,0.93333,0.6,B: +-+ wave (double-L candidate),1.24,++++++----++++-,False,False,4.5579,False,False
NGC0024,5,1,29,0.74888,0.046148,0.70989,0.057207,0.23769,0.085025,13.152,0.023959,0.7931,0.75862,"D: structured, other",,-+--+++------+-++++++++++--++,False,,,,
NGC0055,9,2,21,3.1389,0.10037,2.1177,0.11736,1.041,0.13539,25.868,0.00013213,1,0.7619,B: +-+ wave (double-L candidate),3.07,+++------++++++++++++,False,True,-8.108,True,False
NGC0100,6,1,21,2.2744,0.14219,1.5583,0.16424,0.37342,0.14568,13.184,0.0024633,0.90476,0.57143,B: +-+ wave (double-L candidate),2.51,+++++----++----++++++,False,True,0.20445,False,False
NGC0247,7,2,26,1.7588,0.034499,1.0545,0.035255,8.5805,0.2433,212.45,8.7067e-06,1,0.84615,B: +-+ wave (double-L candidate),2.15,++--------++++++++++++++++,True,False,-189.91,True,False
NGC0289,4,2,28,0.02,0.43916,0.046359,1.0183,2.7011,0.11275,76.892,0.0012003,0.71429,0.78571,"D: structured, other",,-++++-+++----+++++++++------,False,,,,
NGC0300,7,2,25,2.1852,0.083246,1.7326,0.10065,1.3148,0.14374,36.678,0.0014188,0.76,0.76,"D: structured, other",,+++---+++---------++++---,False,,,,
NGC0801,5,1,13,1.132,0.044013,4.4195,0.19602,10.805,0.17473,123.98,0.075587,0.61538,0.92308,"E: poor, unstructured",,--+++++-+----,False,,,,
NGC0891,3,1,18,0.02,0.12846,0.07595,0.48851,3.0556,0.097264,54.671,0.0018687,0.77778,0.94444,C: -+- wave (declining / virial),,+--+++++++++------,False,,,,
NGC1003,6,1,36,2.798,0.12273,2.6375,0.13752,4.9131,0.14763,174.21,0.00010106,0.91667,0.69444,B: +-+ wave (double-L candidate),9.54,+++--+++++--------+-++++++++++++++++,False,False,-71.247,True,False
NGC1090,4,1,24,1.9536,0.090957,4.3424,0.22398,3.635,0.12332,86.326,0.00034798,0.875,0.875,"D: structured, other",,+++-+++++++++++++++-----,False,,,,
NGC1705,11,3,14,0.17503,0.046457,0.073912,0.021137,0.14616,0.058388,7.032,0.0049368,0.71429,1,C: -+- wave (declining / virial),,--++++--------,False,,,,
NGC2366,10,3,26,1.5453,0.061633,0.41518,0.027804,0.46792,0.16489,17.746,3.2069e-05,0.69231,0.84615,C: -+- wave (declining / virial),,++++------++++++++--------,False,,,,
NGC2403,6,1,73,1.1338,0.0084873,1.5424,0.013609,32.04,0.25125,2283.4,3.5518e-13,0.9589,0.78082,B: +-+ wave (double-L candidate),1.27,+++++++++++------------------------------+++++-+++--+++++++++++++++++++++,False,False,-1718.6,True,False
NGC2683,3,2,11,0.02,0.46964,0.054395,1.2788,10.79,0.32118,101.91,0.057666,0.72727,0.72727,"E: poor, unstructured",,++++-+-----,False,,,,
NGC2841,3,1,50,0.02,0.14376,0.12971,0.93277,9.3067,0.12718,454.54,2.4057e-10,0.96,0.96,"D: structured, other",,-+++++++++++++++++++++++++++++++-----------------+,False,,,,
NGC2903,4,1,34,0.70846,0.026239,2.2761,0.089838,26.859,0.3552,866.55,1.0323e-07,0.79412,1,C: -+- wave (declining / virial),,-----+++++++++++++----------------,False,,,,
NGC2915,11,2,30,1.2272,0.17366,0.73873,0.12797,0.25853,0.12309,14.041,0.001475,0.8,0.8,"D: structured, other",,-+----++++++++-++---------++++,False,,,,
NGC2955,3,1,24,0.69242,0.024163,3.7793,0.16249,3.0589,0.11096,73.652,0.11003,0.66667,0.75,"E: poor, unstructured",,+--+-++++--+--++++++----,False,,,,
NGC2976,5,2,27,1.2402,0.055843,1.2102,0.14057,0.47183,0.155,18.387,0.013241,0.85185,0.74074,B: +-+ wave (double-L candidate),1.01,+++++++++++++---++----++-+-,False,False,1.1326,False,False
NGC2998,5,1,13,1.0199,0.11701,3.6375,0.43178,1.982,0.25034,26.932,0.085361,0.92308,0.76923,"E: poor, unstructured",,++--++++++++-,False,,,,
NGC3109,9,1,25,2.2598,0.075355,0.94187,0.061211,0.77775,0.12709,24.326,0.0002595,0.96,0.68,B: +-+ wave (double-L candidate),2.06,+++-+++-----------+++++++,True,True,-5.9135,False,False
NGC3198,5,1,43,2.1548,0.057497,4.1333,0.13227,6.1252,0.20437,258.65,5.7494e-09,0.74419,0.88372,C: -+- wave (declining / virial),,+++++------------+++++++++++++++-----------,False,,,,
NGC3521,4,1,41,0.40837,0.050232,1.5214,0.21236,0.45385,0.061224,25.127,2.9043e-06,0.73171,0.95122,C: -+- wave (declining / virial),,-------+++++++++++++++++++++-++---+------,False,,,,
NGC3726,5,2,12,3.2231,0.25093,7.4161,0.75991,2.9765,0.098746,34.734,0.038384,0.83333,0.75,B: +-+ wave (double-L candidate),13.94,--++++---+++,False,True,-7.2952,True,True
NGC3741,10,1,21,1.7625,0.092548,0.38727,0.035787,3.5151,0.36451,72.876,7.4846e-05,1,0.61905,B: +-+ wave (double-L candidate),1.64,++++++---------++++++,True,True,-54.041,True,False
NGC3769,3,2,12,1.2432,0.27245,1.5162,0.37664,0.7861,0.096564,12.831,0.010734,0.66667,1,C: -+- wave (declining / virial),,--++++------,False,,,,
NGC3877,5,2,13,2.2684,0.16632,6.1456,0.61267,0.1456,0.062449,6.7315,0.075587,0.46154,0.92308,A: single-L adequate,,---+++-+++---,False,,,,
NGC3893,5,1,10,1.0757,0.15811,3.1508,0.54357,1.452,0.12806,16.221,0.28707,0.6,0.8,"E: poor, unstructured",,-+++-+----,False,,,,
NGC3917,6,1,17,3.0877,0.13407,5.5085,0.35441,0.39822,0.040358,11.64,0.16504,0.58824,0.88235,A: single-L adequate,,-+-+---++++------,False,,,,
NGC3949,4,2,7,1.3428,0.16623,3.2656,0.60234,0.02881,0.019067,4.0359,0.358,0.85714,0.28571,A: single-L adequate,,-+---++,False,,,,
NGC3953,4,1,8,2.1223,0.30159,9.3399,1.6325,0.52387,0.048445,7.3021,0.074679,0.375,1,A: single-L adequate,,--+++---,False,,,,
NGC3972,4,1,10,2.1351,0.16451,3.2759,0.37508,1.4178,0.13838,15.947,0.022086,1,0.5,B: +-+ wave (double-L candidate),2.61,++-----+++,True,False,-5.511,False,False
NGC3992,4,1,9,0.02,0.88733,0.1006,4.4653,5.6174,0.10486,43.716,0.038607,0.66667,0.88889,C: -+- wave (declining / virial),,-++++----,False,,,,
NGC4010,7,2,12,3.2829,0.21559,5.1919,0.55071,1.687,0.2394,21.839,0.038384,0.83333,0.75,B: +-+ wave (double-L candidate),3.5,+++---++++--,False,True,-2.7331,False,False
NGC4013,3,2,36,0.02,0.34297,0.050017,0.85839,5.5197,0.12181,194.84,1.9858e-07,0.91667,0.83333,B: +-+ wave (double-L candidate),14.98,+++++++++++++----------------++++---,False,False,-93.652,True,False
NGC4051,4,2,7,2.498,0.39947,5.8225,1.2711,2.6081,0.26986,16.932,0.358,0.42857,0.85714,"E: poor, unstructured",,+--++--,False,,,,
NGC4068,10,2,6,1.4396,0.20562,0.29687,0.10291,0.083109,0.077456,3.916,0.81934,0.5,0.5,A: single-L adequate,,+-+--+,False,,,,
NGC4085,5,2,7,1.9012,0.15441,3.4911,0.45791,0.13392,0.037804,4.5614,0.56037,0.42857,0.71429,A: single-L adequate,,+--+---,False,,,,
NGC4088,4,1,12,1.9941,0.21375,5.1518,0.65787,1.8064,0.10468,23.034,0.0083245,0.66667,1,C: -+- wave (declining / virial),,--+++++-----,False,,,,
NGC4100,4,1,24,1.1706,0.22179,3.1982,0.66126,6.7202,0.23337,154.2,1.6209e-05,0.79167,1,C: -+- wave (declining / virial),,---++++++++++-----------,False,,,,
NGC4138,0,2,7,0.02,0.83435,0.045575,1.9046,4.9114,0.25804,28.449,0.019625,0.71429,0.57143,"D: structured, other",,+++----,False,,,,
NGC4157,3,1,17,1.7761,0.16499,5.2918,0.56433,2.098,0.12863,37.136,0.0009867,0.76471,1,C: -+- wave (declining / virial),,--+++++----------,False,,,,
NGC4183,6,1,23,1.9292,0.16926,1.9991,0.21686,0.54196,0.14483,17.652,0.00069102,0.78261,0.86957,C: -+- wave (declining / virial),,++----++++++++--------+,False,,,,
NGC4214,10,2,14,0.18774,0.041017,0.090005,0.022036,0.52842,0.12177,11.619,0.0096745,0.92857,0.78571,B: +-+ wave (double-L candidate),1.04,+---++++++++++,False,True,-0.62417,False,False
NGC4217,3,1,19,1.865,0.11092,5.6889,0.43293,1.1149,0.10564,24.842,0.00021402,0.78947,1,C: -+- wave (declining / virial),,--+++++++++++------,False,,,,
NGC4389,4,3,6,2.8276,0.38656,3.6268,1.0561,0.74516,0.17642,6.5642,0.18066,0.83333,0.16667,A: single-L adequate,,++---+,False,,,,
NGC4559,6,1,32,2.0506,0.16147,2.5767,0.24258,0.43886,0.15497,20.097,1.6002e-06,0.8125,0.90625,C: -+- wave (declining / virial),,+++------------+++++++++++------,False,,,,
NGC5005,4,1,18,0.39681,0.12937,2.1066,0.76972,0.20467,0.087119,9.0554,0.0011292,1,0.77778,B: +-+ wave (double-L candidate),1.47,++----++++++++++++,False,False,4.7689,False,False
NGC5033,5,1,22,0.02,0.13577,0.06991,0.47485,15.113,0.11949,308.44,5.2708e-05,0.86364,0.95455,C: -+- wave (declining / virial),,-++++++++++++++-------,False,,,,
NGC5055,4,1,28,0.02,0.035754,0.059593,0.10667,128.68,0.31316,3352.5,2.8812e-06,0.67857,1,C: -+- wave (declining / virial),,-------+++++++++------------,False,,,,
NGC5371,4,1,19,0.13941,0.13426,0.54294,0.52622,14.641,0.11034,254.79,0.00024512,0.57895,1,C: -+- wave (declining / virial),,------+++++++------,False,,,,
NGC5585,7,1,24,1.9436,0.037837,1.3905,0.045487,28.934,0.39956,642.91,0.00011457,0.91667,0.66667,B: +-+ wave (double-L candidate),1.63,+++++++++-------++++++--,False,True,-529.65,True,False
NGC5907,5,1,19,0.02,0.29129,0.075792,1.1043,10.883,0.069955,190.89,0.00021402,0.78947,1,C: -+- wave (declining / virial),,--++++++++---------,False,,,,
NGC5985,3,1,33,2.2468,0.12211,15.956,0.97388,2.2029,0.069258,75.283,0.001423,0.66667,0.87879,C: -+- wave (declining / virial),,-----++++++++++++++--+---++--+---,False,,,,
NGC6015,6,2,44,1.238,0.023398,2.5511,0.062294,8.6634,0.13953,371.43,2.5662e-06,0.68182,0.72727,"D: structured, other",,++++----+++++++--+---------++++++++---------,False,,,,
NGC6195,3,1,23,0.49428,0.091755,2.3875,0.46957,1.8327,0.12106,44.757,0.33376,0.73913,0.73913,"E: poor, unstructured",,-+++---++-+-+-+++++++--,False,,,,
NGC6503,6,1,31,0.30344,0.071681,0.3232,0.077963,1.9174,0.13596,62.473,0.0038549,0.74194,0.83871,C: -+- wave (declining / virial),,---+++++++---++++--+---------+-,False,,,,
NGC6674,3,1,15,0.02,0.54918,0.092441,2.5387,16.382,0.16542,218.38,0.030972,0.8,0.86667,C: -+- wave (declining / virial),,-++++++-----+--,False,,,,
NGC6789,11,2,4,0.41035,0.12065,0.15931,0.11017,0.58169,0.25785,3.936,1,,,A: single-L adequate,,++-+,False,,,,
NGC6946,6,1,58,0.86704,0.025975,2.1436,0.072164,9.7122,0.2264,552.01,8.4081e-09,0.7931,0.89655,C: -+- wave (declining / virial),,++++--------++++++++++++++-------+----+-------------------,False,,,,
NGC7331,3,1,36,0.02,0.16117,0.089179,0.71917,2.7045,0.066957,99.121,0.00040492,0.86111,0.91667,C: -+- wave (declining / virial),,--+++++++++++++-------+------+----+-,False,,,,
NGC7793,7,1,46,0.63981,0.032997,0.48088,0.036917,2.5695,0.30308,120.72,4.434e-08,0.93478,0.78261,B: +-+ wave (double-L candidate),0.7,-++++++++++++++++---------++++++++++++++++++--,False,True,-67.456,True,False
NGC7814,2,1,18,0.02,0.13358,0.074092,0.49547,2.9641,0.11383,53.206,5.132e-05,0.88889,0.88889,"D: structured, other",,++++++++++--------,False,,,,
PGC51017,11,3,6,0.02,0.24475,0.00056125,0.0069221,0.20931,0.095902,4.4208,0.033945,0.5,0.5,"D: structured, other",,+++---,False,,,,
UGC00128,8,1,22,5.1846,0.13909,7.6251,0.24733,6.0947,0.18469,128.08,0.0046008,0.72727,0.77273,"D: structured, other",,++++---+++++++----+---,False,,,,
UGC00191,9,1,9,1.2478,0.035213,0.71203,0.02638,3.2558,0.13061,27.185,0.8696,0.77778,0.44444,"E: poor, unstructured",,+-+--+-++,False,,,,
UGC00634,9,2,4,4.5474,0.29647,5.1919,0.4646,1.8612,0.035449,6.495,1,,,"E: poor, unstructured",,+-+-,False,,,,
UGC00731,10,1,12,1.825,0.10635,0.81306,0.06892,2.3395,0.17453,28.365,0.0083245,1,0.66667,B: +-+ wave (double-L candidate),2.73,++-----+++++,False,True,-17.107,True,True
UGC00891,9,2,5,2.9349,0.12011,1.2256,0.081549,1.0726,0.10758,6.4365,1,,,"E: poor, unstructured",,++-++,False,,,,
UGC01230,9,1,11,2.4848,0.38824,2.4174,0.51781,0.3705,0.12803,8.1303,0.013339,0.54545,1,C: -+- wave (declining / virial),,--++++++---,False,,,,
UGC01281,8,1,25,1.9646,0.15328,0.69146,0.1089,0.026825,0.065449,7.0547,0.0002595,0.8,0.8,"D: structured, other",,--++++++++-------+++++---,False,,,,
UGC02023,10,2,5,2.9661,1.3833,1.6593,2.0293,0.08172,0.17225,3.464,1,,,A: single-L adequate,,+++-+,False,,,,
UGC02259,8,2,8,0.98021,0.072903,0.62478,0.05695,0.65679,0.051952,8.0996,0.58159,0.875,0.375,A: single-L adequate,,+-+--+++,False,,,,
UGC02455,10,3,8,3.4343,0.77339,2.2829,1.4306,1.5951,0.36886,13.729,0.074679,0.875,0.625,"E: poor, unstructured",,++++---+,False,,,,
UGC02487,0,1,17,0.02,0.56535,0.18223,5.1518,38.151,0.12523,577.93,8.867e-05,0.88235,0.88235,"D: structured, other",,++++++++++-------,False,,,,
UGC02885,5,1,19,0.13692,0.17862,0.86684,1.1386,2.0269,0.097607,40.346,0.0047722,0.89474,0.78947,B: +-+ wave (double-L candidate),6.82,+----+-----++++++++,False,True,-17.289,True,False
UGC02916,2,2,43,0.035897,0.039674,0.12618,0.14017,2.4818,0.115,109.27,1.0819e-06,0.72093,0.88372,C: -+- wave (declining / virial),,----+++-------------+++++++++++++---++-----,False,,,,
UGC02953,2,2,115,0.21878,0.0095853,1.4528,0.064499,68.637,0.23208,7765.5,1.1973e-24,0.73043,0.96522,C: -+- wave (declining / virial),,++++----------------------------------------++++++++++++++++++++++++++++++++++++++++-------------------------------,False,,,,
UGC03205,2,1,48,0.55076,0.040828,2.0519,0.15672,5.9334,0.17864,280.68,1.2338e-07,0.91667,0.9375,C: -+- wave (declining / virial),,+----++++++++++++++++++++++++++++++++++++-----++,False,,,,
UGC03546,1,1,30,0.02,0.13067,0.062761,0.41043,3.4046,0.17482,102.13,0.00016939,0.8,0.8,"D: structured, other",,+++++++++++++++---++-++-------,False,,,,
UGC03580,1,2,47,1.5688,0.027892,1.734,0.039759,9.6862,0.38817,443.58,1.1763e-10,1,0.80851,B: +-+ wave (double-L candidate),1.71,++++++++++++++--------------------------+++++++,False,False,-286.91,True,False
UGC04278,7,1,25,3.9704,0.26503,4.1039,0.65958,1.9738,0.38061,51.836,1.3589e-05,1,0.68,B: +-+ wave (double-L candidate),3.19,+++++++++++--------++++++,True,False,-31.639,True,False
UGC04305,10,3,22,0.89248,0.12445,0.094704,0.017524,0.64578,0.56767,19.098,0.0013327,0.72727,0.86364,C: -+- wave (declining / virial),,----++++++-------+++--,False,,,,
UGC04325,9,1,8,1.0103,0.07354,0.77807,0.079618,0.40881,0.048542,6.6117,0.5,0.5,0.75,A: single-L adequate,,+-+++++-,False,,,,
UGC04483,10,2,8,0.34429,0.048579,0.018868,0.0042194,0.17121,0.18839,5.1861,0.58159,0.875,0.375,A: single-L adequate,,++-+--++,False,,,,
UGC04499,8,1,9,1.8926,0.1373,0.9351,0.10122,0.34844,0.10018,6.8335,0.051235,1,0.55556,A: single-L adequate,,++---++++,False,,,,
UGC05005,10,1,11,5.9684,0.72332,5.3619,1.1884,0.19359,0.27808,6.5381,0.073688,0.90909,0.54545,A: single-L adequate,,++++---+++-,False,,,,
UGC05253,2,2,73,0.02,0.015421,0.092385,0.071461,5.542,0.093175,402.06,3.0431e-15,0.84932,0.9863,C: -+- wave (declining / virial),,+-------------+++++++++++++++++++++++++++++++++++++++++++++++++----------,False,,,,
UGC05414,10,1,6,1.5703,0.13544,0.56698,0.087953,0.93032,0.13739,7.3048,0.18066,0.83333,0.16667,A: single-L adequate,,++---+,False,,,,
UGC05716,9,2,12,2.4104,0.059607,1.1409,0.042613,9.2817,0.2494,97.787,0.056409,1,0.58333,"E: poor, unstructured",,+++--+++++++,False,,,,
UGC05721,7,1,23,0.48104,0.041296,0.25588,0.028,1.0126,0.22171,27.535,0.00014389,0.73913,0.86957,C: -+- wave (declining / virial),,+++----++++++++--------,False,,,,
UGC05750,8,1,11,4.7754,0.58218,2.8002,0.7896,0.036239,0.064803,5.1219,0.22485,0.81818,0.63636,A: single-L adequate,,-++++--+++-,False,,,,
UGC05764,10,2,10,0.82178,0.033597,0.23789,0.014223,3.7936,0.19432,34.954,0.55586,0.5,0.8,"E: poor, unstructured",,+--+-++---,False,,,,
UGC05829,10,2,11,2.972,0.37706,1.3196,0.32279,0.82633,0.28642,12.233,0.013339,1,0.63636,B: +-+ wave (double-L candidate),3.14,++++-----++,True,True,-1.8011,False,False
UGC05918,10,2,8,1.0789,0.18162,0.18009,0.0474,0.18827,0.12892,5.2885,0.063315,0.875,0.5,A: single-L adequate,,+----+++,False,,,,
UGC05986,9,2,15,2.0198,0.066795,2.5854,0.13384,2.1504,0.14384,33.371,0.0080827,0.73333,0.86667,C: -+- wave (declining / virial),,++---++++++----,False,,,,
UGC05999,10,2,5,4.8349,0.59402,4.6174,0.89926,0.021022,0.012687,3.2819,1,,,A: single-L adequate,,+--++,False,,,,
UGC06399,9,1,9,2.2805,0.26545,1.6415,0.30283,0.2199,0.11102,5.9337,0.051235,1,0.55556,A: single-L adequate,,++---++++,False,,,,
UGC06446,7,1,17,1.2155,0.13514,0.67874,0.098411,0.66886,0.1473,15.699,0.0042728,0.94118,0.82353,B: +-+ wave (double-L candidate),1.74,++-----+++++++++-,True,True,-2.8945,False,False
UGC06614,1,1,13,1.6865,0.86543,4.6025,2.5887,1.6235,0.1584,22.988,0.0046387,0.92308,0.76923,B: +-+ wave (double-L candidate),10.64,+------++++++,False,True,-9.8002,True,True
UGC06628,9,2,7,1.0464,0.4059,0.16456,0.087544,0.0046841,0.024627,3.9152,0.11263,0.28571,0.85714,A: single-L adequate,,-++++--,False,,,,
UGC06667,6,1,9,2.2508,0.15242,1.5765,0.17387,0.7161,0.14467,9.4072,0.11005,1,0.55556,A: single-L adequate,,++--+++++,False,,,,
UGC06786,0,1,45,0.82356,0.045591,3.3542,0.19791,1.4126,0.25662,68.355,0.00035207,0.77778,0.75556,"D: structured, other",,++++++--------------+-++--+---+++++++-++-----,False,,,,
UGC06787,2,2,71,0.02,0.023276,0.089248,0.10402,25.977,0.24716,1800.9,1.7471e-13,0.87324,0.73239,B: +-+ wave (double-L candidate),1.89,--++++++++++++-----------------------------+++++++---------++++++++++++,False,False,-623.05,True,False
UGC06818,9,2,8,3.7737,0.45076,2.5755,0.70242,0.68392,0.27366,8.2624,0.2225,0.75,0.75,A: single-L adequate,,++--++--,False,,,,
UGC06917,9,1,11,2.1524,0.14172,2.1815,0.21305,0.73712,0.085999,11.43,0.17537,0.81818,0.54545,A: single-L adequate,,+---+---+++,False,,,,
UGC06923,10,2,6,1.8193,0.26918,1.25,0.30174,0.70859,0.22569,6.4179,0.5,0.16667,0.83333,A: single-L adequate,,+-++--,False,,,,
UGC06930,7,1,10,2.1944,0.33705,2.1861,0.42658,0.10441,0.043972,5.4404,0.10304,0.7,0.9,A: single-L adequate,,+----+++--,False,,,,
UGC06973,2,3,9,0.15697,0.19859,0.37258,0.48564,0.36473,0.035948,6.9475,0.051235,1,0.55556,A: single-L adequate,,++---++++,False,,,,
UGC06983,6,1,17,1.9444,0.17461,2.0114,0.23579,0.32148,0.05602,10.489,0.014092,0.64706,0.88235,C: -+- wave (declining / virial),,-++----+++++-----,False,,,,
UGC07089,8,2,12,2.8257,0.27164,1.4899,0.25378,0.70477,0.199,12.017,0.11294,0.91667,0.58333,A: single-L adequate,,++-----+-+++,False,,,,
UGC07125,9,1,13,2.9413,0.24154,1.0659,0.11909,1.1455,0.14958,17.73,0.0072452,1,0.69231,B: +-+ wave (double-L candidate),4.33,++----+++++++,False,True,-5.3881,False,False
UGC07151,6,1,11,1.0211,0.060929,0.48299,0.042542,0.44545,0.070213,8.8048,0.22485,0.90909,0.54545,A: single-L adequate,,+-++---++++,False,,,,
UGC07232,10,2,4,0.50375,0.10971,0.11976,0.057123,0.707,0.18583,4.1866,1,,,A: single-L adequate,,++-+,False,,,,
UGC07261,8,2,7,0.92219,0.13973,0.43148,0.090227,0.089722,0.041467,4.3404,0.11263,0.85714,0.42857,A: single-L adequate,,+---+++,False,,,,
UGC07323,8,1,10,2.6203,0.20192,2.0296,0.30688,1.6759,0.2836,18.012,0.035907,1,0.5,B: +-+ wave (double-L candidate),2.91,++++---+++,False,True,-5.5541,False,False
UGC07399,8,1,10,0.85168,0.058651,0.69954,0.066408,1.293,0.097851,14.949,0.024601,0.9,0.7,B: +-+ wave (double-L candidate),1.84,+----+++++,False,True,-3.1428,False,False
UGC07524,9,1,31,2.7813,0.10251,1.6662,0.10104,1.0722,0.2487,37.963,6.6681e-05,0.93548,0.70968,B: +-+ wave (double-L candidate),2.76,+++++++--------------+--++++++-,False,True,-16.6,True,False
UGC07559,10,2,7,1.0511,0.1934,0.11505,0.040189,0.10856,0.15238,4.4346,0.18103,1,0.28571,A: single-L adequate,,++--+++,False,,,,
UGC07577,10,2,9,1.2301,0.53304,0.055553,0.061032,0.063353,0.27199,4.8379,0.051235,0.88889,0.66667,A: single-L adequate,,+++++---+,False,,,,
UGC07603,7,1,12,0.8711,0.06687,0.31737,0.036193,0.46357,0.1263,9.6055,0.11294,0.75,0.75,A: single-L adequate,,++--+++----+,False,,,,
UGC07608,10,1,8,1.8008,0.31338,0.80913,0.25766,0.15687,0.091898,5.1001,0.2225,0.875,0.5,A: single-L adequate,,-++---++,False,,,,
UGC07690,10,2,7,0.34944,0.11272,0.10072,0.038504,0.65521,0.1029,7.1679,0.11263,0.42857,0.85714,A: single-L adequate,,-+++---,False,,,,
UGC07866,10,2,7,0.67076,0.16467,0.059841,0.024311,0.21076,0.16957,4.9456,0.11263,1,0.14286,A: single-L adequate,,++---++,False,,,,
UGC08286,6,1,17,1.1172,0.06081,0.66735,0.046392,0.15325,0.027522,7.9652,0.018864,0.94118,0.70588,B: +-+ wave (double-L candidate),1.42,++-+-----++++++++,False,True,5.5042,False,False
UGC08490,9,1,30,0.56719,0.046814,0.29168,0.027908,0.50057,0.10346,20.818,0.00013415,0.8,0.93333,C: -+- wave (declining / virial),,+---+++++++++++-++++++--------,False,,,,
UGC08550,7,1,11,0.68473,0.057003,0.17946,0.019235,0.68419,0.061412,10.953,0.013339,1,0.63636,B: +-+ wave (double-L candidate),1.47,++-----++++,False,False,2.8549,False,False
UGC08699,2,2,41,0.02,0.049343,0.053841,0.13324,4.5817,0.1139,186.11,1.2214e-07,0.73171,0.85366,C: -+- wave (declining / virial),,---++++++++++------------++++++----------,False,,,,
UGC08837,10,2,8,2.7734,0.30718,0.91548,0.25746,0.052104,0.041403,4.4715,0.2225,0.875,0.5,A: single-L adequate,,++---++-,False,,,,
UGC09037,6,2,22,4.132,0.17042,8.6971,0.53827,0.86253,0.090529,23.433,0.00027357,0.81818,0.90909,C: -+- wave (declining / virial),,++---------+++++++----,False,,,,
UGC09133,2,1,68,0.02,0.046604,0.090235,0.21033,64.008,0.22164,4233,8.6414e-14,0.91176,0.91176,"D: structured, other",,++++++++++++++++++++++++++++++++++++++++++++++----+++++-------------,False,,,,
UGC09992,10,2,5,0.43135,0.40312,0.041358,0.046969,0.0044291,0.018083,3.2322,1,,,A: single-L adequate,,+-+-+,False,,,,
UGC10310,9,1,7,1.5784,0.25302,0.75759,0.17571,0.068656,0.049209,4.2351,0.56037,0.42857,0.71429,A: single-L adequate,,+-++++-,False,,,,
UGC11455,6,1,36,4.008,0.1074,25.938,0.95066,3.9707,0.15513,142.17,1.958e-07,0.75,0.86111,C: -+- wave (declining / virial),,+++++---------+++++++++++++---------,False,,,,
UGC11557,8,2,12,3.1976,0.42118,2.2634,0.52169,0.18288,0.30846,6.7986,0.17882,0.58333,0.83333,A: single-L adequate,,--++---++---,False,,,,
UGC11820,9,1,10,4.641,0.1463,3.0488,0.14513,6.7225,0.66412,58.385,0.087422,1,0.6,"E: poor, unstructured",,++++++--++,False,,,,
UGC11914,2,1,65,0.264,0.014473,1.7571,0.10227,2.2197,0.081107,148.19,8.9559e-14,0.87692,0.96923,C: -+- wave (declining / virial),,--------+++++++++++++++++++++++++++++++++++--------------------++,False,,,,
UGC12506,6,2,31,2.1602,0.35079,10.164,1.8202,0.70989,0.15698,27.455,2.5819e-06,0.80645,0.93548,C: -+- wave (declining / virial),,++----+++++++++++++++----------,False,,,,
UGC12632,9,1,15,2.1764,0.15099,1.0173,0.10162,0.2838,0.17919,9.1055,0.0017951,1,0.6,B: +-+ wave (double-L candidate),3.55,++++------+++++,False,True,3.6784,False,False
UGC12732,9,1,16,2.5678,0.20477,1.7314,0.18516,2.8107,0.2092,44.895,0.00099282,1,0.6875,B: +-+ wave (double-L candidate),3.84,+++---------++++,True,False,-23.032,True,False
UGCA281,11,3,7,0.33539,0.036882,0.028109,0.005484,0.28606,0.18649,5.3221,0.73646,0.85714,0.42857,A: single-L adequate,,++-++++,False,,,,
UGCA442,9,1,8,1.6338,0.095443,0.49048,0.039707,1.4691,0.2145,12.974,0.26832,0.875,0.625,"E: poor, unstructured",,++--+++-,False,,,,
UGCA444,10,2,36,0.75887,0.073501,0.080534,0.014113,0.26424,0.22284,16.151,7.5752e-06,0.97222,0.63889,B: +-+ wave (double-L candidate),0.97,++++++++++++--------++-+++++++++++++,False,True,1.1649,False,False
