Galaxy,T,Q,Inc,D,fD,n,n_in,n_out,rmax_R,M,eM,sysM,jkM,R,eR,sysR,jkR,rho_MR,jk_shift_M,jk_shift_R,chi2,chi2nu,p_chi2_low,AIC,BIC,RMSrel,p_runs,DW,p_SW,frac1s,maxabsz,bound,M_Hz0,R_Hz0,dBIC_offset,V02,eV02,vflat_CL,Vflat_obs,Mbar,Rdisk,Reff,e_vflat_CL,relM,relR,relV,grade,err_over,vrmax_over_vL
CamB,10,2,65,3.36,2,9,7,2,1.3034,0.086487,0.047643,0.0089932,0.030869,1.3733,0.28258,0.10574,0.19843,0.98892,0.67673,0.73648,0.27585,0.039408,7.5278e-05,4.2759,4.6703,0.043792,0.5,2.3732,0.0020835,1,0.44128,False,0.086971,1.3796,2.1917,0.43361,5.6712,28.392,0,0.05346,0.47,1.21,4.9474,0.55087,0.20577,0.17425,III,True,0.70037
D512-2,10,2,56,15.2,1,4,1,3,3.8409,0.13223,0.040918,0.045867,0.015059,0.99716,0.16452,0.2981,0.076379,0.93632,0.42702,0.59169,0.13471,0.067354,0.065136,4.1347,2.9073,0.055036,0.5,2.2225,0.78257,1,0.29638,False,0.13277,0.99989,1.3857,-62.223,0,41.281,0,0.27023,1.24,2.37,3.4112,0.30945,0.16499,0.082634,II,False,0.91157
D564-8,10,2,63,8.79,2,6,2,4,2.8579,0.06466,0.015074,0.006858,0.0066424,1.0742,0.13082,0.034071,0.064896,0.94753,0.36942,0.47755,0.6182,0.15455,0.03898,4.6182,4.2017,0.091652,0.18066,1.1651,0.56002,1,0.57211,False,0.065049,1.0788,1.3832,24.28,36.613,27.779,0,0.05507,0.61,0.72,1.7191,0.23313,0.12178,0.061885,II,False,0.8789
DDO170,10,2,66,15.4,1,8,1,7,4.225,1.017,0.075422,0.31402,0.098241,2.9183,0.15066,0.86773,0.21192,0.97955,1.2719,1.4122,2.9889,0.49815,0.18976,6.9889,7.1478,0.076061,0.93668,2.5976,0.15083,1,0.94075,False,1.0279,2.939,1.1015,274.04,262.42,66.812,60,1.249,1.95,3.03,0.85415,0.074161,0.051626,0.012784,II,False,0.92246
F561-1,9,3,24,66.4,1,6,1,5,4.3581,0.52435,0.24768,0.25995,0.022204,2.2166,0.74085,0.33137,0.053661,0.98004,0.074657,0.059301,0.048421,0.012105,0.00028839,4.0484,3.6319,0.021211,0.5,2.2277,0.55729,1,0.13217,False,0.5297,2.2314,1.7902,47.438,1154,55.063,50,4.1958,2.79,5.39,4.351,0.47236,0.33423,0.079018,II,True,0.92477
F563-V1,10,3,60,54,1,6,1,5,3.9679,0.159,0.095556,0.039515,0.034752,1.9834,0.77443,0.39271,0.20993,0.96299,0.37151,0.25696,0.54703,0.13676,0.031236,4.547,4.1305,0.10992,0.23975,1.3793,0.77511,1,0.46272,False,0.16111,2.0006,1.7878,-22.836,402.72,31.996,0,1.5813,3.79,5.01,3.9456,0.60098,0.39046,0.12332,III,False,0.91856
F563-V2,10,1,29,59.7,1,10,3,7,5.736,2.3298,0.53096,1.0552,0.17308,1.8253,0.24365,0.36302,0.052317,0.9261,0.26004,0.16396,0.25609,0.032011,1.0112e-05,4.2561,4.8613,0.047654,0.16305,1.8976,0.22493,1,0.37131,False,2.3371,1.8288,2.3004,9.0261,194.62,128.18,116.6,4.3778,2.43,4.49,7.4172,0.2279,0.13348,0.057866,I,True,0.94194
F565-V2,10,2,60,51.8,1,7,2,5,2.4739,2.4987,0.74381,0.62503,0.17485,3.5571,0.6114,0.71061,0.12473,0.96873,0.21625,0.1727,0.21958,0.043915,0.0011114,4.2196,4.1114,0.084864,0.11263,0.96811,0.59669,1,0.28292,False,2.5133,3.5721,1.872,135.66,490.36,94.906,0,1.2092,2.17,3.57,6.523,0.29768,0.17188,0.068731,II,True,0.85754
F567-2,9,3,20,79,1,5,1,4,4.4248,0.52658,0.25031,0.29161,0.26819,2.1673,0.67325,0.32203,0.95495,0.96412,1.2727,1.7013,0.43547,0.14516,0.067178,4.4355,3.6543,0.089473,0.74365,2.63,0.21672,1,0.51362,False,0.53038,2.1776,1.5739,-459.09,1.718e+10,55.809,0,4.3242,3.08,5.43,5.3951,0.47535,0.31064,0.096671,II,False,0.92593
F571-V1,7,2,30,80.1,1,7,1,6,3.8393,2.3841,0.73751,0.97392,0.15476,3.5397,0.75638,0.35145,0.1526,0.97627,0.13124,0.13912,0.19697,0.039394,0.00085386,4.197,4.0888,0.060124,0.358,1.6609,0.045732,1,0.23499,False,2.4041,3.5594,1.8748,264.51,951.58,92.928,83.6,2.5431,2.47,4.38,5.1169,0.30935,0.21368,0.055063,II,True,0.91294
F574-2,9,3,30,89.1,1,5,2,3,1.9435,1.0089,1.11,0.41352,0.33421,5.5723,3.0824,0.54971,0.97401,0.97475,0.24277,0.236,0.098566,0.032855,0.007991,4.0986,3.3174,0.1429,0.33126,1.5442,0.28961,1,0.18002,False,1.0273,5.6463,1.5485,77.891,285.67,47.871,0,3.7008,3.76,6.48,13.651,1.1002,0.55316,0.28516,III,True,0.81744
F583-1,9,1,63,35.4,1,25,10,15,5.578,1.7753,0.22405,0.46096,0.15809,2.915,0.19249,0.72494,0.13756,0.95523,0.36608,0.39879,4.896,0.21287,2.3166e-05,8.896,11.334,0.25002,0.058623,0.8188,0.60529,1,0.95894,False,1.7868,2.9275,2.9079,57.38,97.232,88.404,85.8,3.3206,2.36,3.74,2.9158,0.1262,0.066034,0.032982,I,True,0.9425
F583-4,5,1,55,53.3,1,12,3,9,5.3609,0.48727,0.085489,0.13212,0.15096,1.3598,0.17457,0.27206,0.31829,0.95974,1.8075,1.8853,5.5904,0.55904,0.15158,9.5904,10.56,0.23905,0.12608,0.5232,0.65818,0.91667,1.2108,False,0.48959,1.3638,1.7023,96.184,105.37,67.883,0,1.71,1.93,3.31,2.1489,0.17544,0.12838,0.031655,I,False,0.93827
NGC3877,5,2,76,18,4,13,2,11,5.0036,6.1456,0.61267,0.85224,0.21271,2.2684,0.16632,0.31438,0.054406,0.97841,0.23235,0.24788,1.6016,0.1456,0.00052297,5.6016,6.7315,0.062449,0.075587,0.53145,0.52759,1,0.74895,False,6.1639,2.2727,2.3002,-443.08,883.22,186.78,168.4,38.24,2.53,4.39,2.962,0.099692,0.07332,0.015858,I,True,0.93245
NGC3917,6,1,79,18,4,17,3,14,4.8127,5.5085,0.35441,0.76416,0.22414,3.0877,0.13407,0.42742,0.092151,0.96789,0.48823,0.55157,5.9733,0.39822,0.019807,9.9733,11.64,0.040358,0.16504,1.0096,0.27177,0.94118,1.0326,False,5.5337,3.0968,2.8291,-13.424,210.31,151.46,135.9,13.494,2.63,5.56,1.8757,0.064339,0.043421,0.012384,I,False,0.93057
NGC3949,4,2,55,18,4,7,0,7,5.2651,3.2656,0.60234,0.4769,0.22832,1.3428,0.16623,0.18623,0.07156,0.97992,0.4152,0.47982,0.14405,0.02881,0.00039797,4.1441,4.0359,0.019067,0.358,2.0718,0.42837,1,0.25843,False,3.2718,1.3445,1.9459,6139.8,3.9675e+10,177.03,163,23.517,3.59,2.39,5.9933,0.18445,0.12379,0.033855,II,True,0.93548
NGC3953,4,1,62,18,4,8,0,8,7.3881,9.3399,1.6325,1.3019,1.7656,2.1223,0.30159,0.29378,0.34246,0.99281,1.1073,1.1945,3.1432,0.52387,0.20933,7.1432,7.3021,0.048445,0.074679,0.65616,0.61265,0.875,1.3188,False,9.3803,2.1287,2.0794,20775,,238.11,220.8,74.417,4.89,6.17,4.4777,0.17479,0.14211,0.018805,II,False,0.95516
NGC4068,10,2,44,4.37,2,6,3,3,1.6185,0.29687,0.10291,0.054889,0.087955,1.4396,0.20562,0.072281,0.13627,0.98209,0.92414,0.67189,0.33244,0.083109,0.012375,4.3324,3.916,0.077456,0.81934,1.9823,0.83773,1,0.46273,False,0.29778,1.4433,1.7788,3.8377,33.555,51.463,0,0.32282,0.59,1.11,5.3516,0.34665,0.14283,0.10399,III,False,0.76819
NGC4085,5,2,82,18,4,7,2,5,3.2611,3.4911,0.45791,0.48462,0.2696,1.9012,0.15441,0.26362,0.099875,0.96212,0.60046,0.69973,0.66961,0.13392,0.015405,4.6696,4.5614,0.037804,0.56037,1.9589,0.15751,1,0.66573,False,3.4985,1.9039,1.9077,164.72,856.92,153.77,131.5,12.656,1.65,2,4.4126,0.13116,0.081217,0.028696,II,False,0.89308
NGC4389,4,3,50,18,4,6,3,3,1.8814,3.6268,1.0561,0.62701,1.5418,2.8276,0.38656,0.39174,0.60666,0.96974,1.0716,1.0917,2.9807,0.74516,0.43893,6.9807,6.5642,0.17642,0.18066,1.1654,0.24139,1,0.98566,False,3.6373,2.8339,0.55334,432.3,344.3,128.41,0,11.381,2.79,4.05,10.397,0.29119,0.13671,0.08097,II,False,0.80481
NGC6789,11,2,43,3.52,2,4,2,2,1.7302,0.15931,0.11017,0.034039,0.14807,0.41035,0.12065,0.020971,0.17039,0.98225,1.176,1.271,1.1634,0.58169,0.44105,5.1634,3.936,0.25785,0.84134,1.4215,0.90892,1,0.88191,False,0.15943,0.41059,0.27908,119.08,109.78,70.742,0,0.07261,0.31,0.52,14.374,0.69154,0.29402,0.20319,III,False,0.78432
UGC02023,10,2,19,10.4,1,5,3,2,1.2744,1.6593,2.0293,1.0366,0.81367,2.9661,1.3833,0.87885,0.67092,0.98752,0.43761,0.53672,0.24516,0.08172,0.030011,4.2452,3.464,0.17225,0.79289,0.98919,0.61785,1,0.33712,False,1.6687,2.9778,1.437,112.6,271.04,84.712,0,1.2884,1.55,2.73,32.427,1.223,0.46637,0.38279,III,False,0.69153
UGC02259,8,2,41,10.5,1,8,0,8,8.3044,0.62478,0.05695,0.19572,0.14897,0.98021,0.072903,0.28864,0.19115,0.98437,2.8915,2.896,3.9407,0.65679,0.31531,7.9407,8.0996,0.051952,0.58159,1.7066,0.75508,0.875,1.2517,False,0.6269,0.98221,0.37491,2353.4,680.26,90.606,86.2,1.5195,1.62,2.4,1.003,0.091152,0.074375,0.01107,II,False,0.96072
UGC04325,9,1,41,9.6,1,8,1,7,5.5328,0.77807,0.079618,0.24735,0.076538,1.0103,0.07354,0.30242,0.078325,0.96692,0.79496,0.85716,2.4528,0.40881,0.12629,6.4528,6.6117,0.048542,0.5,2.2287,0.16281,0.875,1.0255,False,0.78024,1.0121,1.5346,461.62,533.73,99.598,90.9,1.9147,1.86,2.79,1.8374,0.10233,0.07279,0.018448,II,False,0.93913
UGC04483,10,2,58,3.34,2,8,2,6,3.5145,0.018868,0.0042194,0.0020802,0.001138,0.34429,0.048579,0.031894,0.0095655,0.968,0.20373,0.16052,1.0272,0.17121,0.015441,5.0272,5.1861,0.18839,0.58159,1.866,0.079267,1,0.77291,False,0.018917,0.34489,1.8482,14.051,29.013,26.563,0,0.04906,0.18,0.26,1.2462,0.22363,0.1411,0.046914,I,False,0.90143
UGC04499,8,1,50,12.5,1,9,2,7,4.322,0.9351,0.10122,0.28858,0.098121,1.8926,0.1373,0.56537,0.14358,0.96199,0.97189,1.0574,2.4391,0.34844,0.068387,6.4391,6.8335,0.10018,0.051235,0.7564,0.50555,1,0.88578,False,0.93994,1.899,1.158,316.47,280.94,79.685,72.8,2.239,1.73,2.69,1.7187,0.10825,0.072546,0.021568,I,False,0.92228
UGC05005,10,1,41,53.7,1,11,4,7,4.7936,5.3619,1.1884,1.8732,0.67036,5.9684,0.72332,1.1784,0.5132,0.92953,0.51071,0.6531,1.7423,0.19359,0.0050812,5.7423,6.5381,0.27808,0.073688,0.84522,0.26816,1,0.65455,False,5.4305,6.0155,1.8425,178.6,236.91,107.17,98.9,6.1637,3.2,5.02,6.2976,0.22164,0.12119,0.058763,I,True,0.93427
UGC05414,10,1,55,9.4,1,6,2,4,2.6173,0.56698,0.087953,0.1735,0.090481,1.5703,0.13544,0.46948,0.13296,0.96194,0.84226,0.69041,3.7213,0.93032,0.55496,7.7213,7.3048,0.13739,0.18066,0.97111,0.41367,0.83333,1.2853,False,0.5691,1.5745,-0.63292,219.13,125.42,68.124,0,1.3249,1.47,2.33,2.5812,0.15513,0.086251,0.03789,II,False,0.86513
UGC05750,8,1,64,58.7,1,11,5,6,4.7849,2.8002,0.7896,0.65553,0.24023,4.7754,0.58218,0.94465,0.17083,0.95684,0.16633,0.16006,0.32615,0.036239,4.7761e-06,4.3262,5.1219,0.064803,0.22485,1.6,0.73364,1,0.32889,False,2.8272,4.8062,2.3975,-0.52943,27.951,86.585,0,3.1297,3.46,8.8,7.3114,0.28198,0.12191,0.084442,I,True,0.93408
UGC05918,10,2,46,7.66,1,8,1,7,4.1339,0.18009,0.0474,0.059636,0.019083,1.0789,0.18162,0.32264,0.072854,0.95654,0.2929,0.32852,1.1296,0.18827,0.019782,5.1296,5.2885,0.12892,0.063315,0.85645,0.70361,1,0.69962,False,0.18096,1.0823,1.4356,165.68,179.5,46.319,0,0.51151,1.66,2.63,2.6193,0.2632,0.16834,0.05655,II,False,0.91832
UGC05999,10,2,22,47.7,1,5,1,4,3.3548,4.6174,0.89926,2.4901,0.13874,4.8349,0.59402,0.95678,0.087653,0.96329,0.13809,0.15471,0.063066,0.021022,0.0041335,4.0631,3.2819,0.012687,0.33126,1.991,0.15549,1,0.20931,False,4.6552,4.8614,1.6005,165.2,1625.5,110.6,0,4.3813,3.22,4.83,4.5807,0.19475,0.12286,0.041417,II,True,0.89928
UGC06399,9,1,75,18,4,9,2,7,3.4422,1.6415,0.30283,0.2285,0.21817,2.2805,0.26545,0.31555,0.20812,0.97294,0.63247,0.66449,1.5393,0.2199,0.019082,5.5393,5.9337,0.11102,0.051235,1.205,0.84306,1,0.74126,False,1.6496,2.2882,1.5645,316.8,367.6,96.181,85,2.0444,2.05,3.45,3.6506,0.18448,0.1164,0.037956,I,False,0.90024
UGC06628,9,2,20,15.1,1,7,0,7,7.3493,0.16456,0.087544,0.10052,0.031753,1.0464,0.4059,0.31235,0.17471,0.95449,0.41453,0.49441,0.02342,0.0046841,4.4279e-06,4.0234,3.9152,0.024627,0.11263,1.1438,0.96347,1,0.093013,False,0.16567,1.0505,1.9459,54.116,0,44.96,41.8,3.8645,2.82,4.14,4.4583,0.53199,0.3879,0.099162,II,True,0.95695
UGC06667,6,1,89,18,4,9,2,7,3.4876,1.5765,0.17387,0.21776,0.30826,2.2508,0.15242,0.31146,0.29931,0.96017,1.7074,1.845,5.0127,0.7161,0.34159,9.0127,9.4072,0.14467,0.11005,1.349,0.40982,0.66667,1.3103,False,1.5842,2.2582,-1.08,511.18,247.02,94.878,83.8,1.7745,5.15,3.5,2.3222,0.11029,0.067718,0.024476,I,False,0.90165
UGC06818,9,2,75,18,4,8,4,4,1.8496,2.5755,0.70242,0.36151,0.42876,3.7737,0.45076,0.52185,0.29242,0.96888,0.42588,0.58121,4.1035,0.68392,0.33733,8.1035,8.2624,0.27366,0.2225,1.1875,0.58205,0.875,1.5115,False,2.5878,3.7882,0.042108,305.1,220.48,93.527,71.2,2.2291,1.39,2.12,7.4619,0.27273,0.11945,0.079784,I,False,0.80201
UGC06917,9,1,56,18,4,11,1,10,4.8643,2.1815,0.21305,0.3166,0.49871,2.1524,0.14172,0.29793,0.35923,0.96446,2.1958,2.3197,6.6341,0.73712,0.32484,10.634,11.43,0.085999,0.17537,1.6328,0.69285,0.81818,1.6046,False,2.1917,2.159,-3.1446,2213.6,719.89,114.18,108.7,6.1066,2.76,4.52,2.1833,0.097662,0.065843,0.019122,II,False,0.93115
UGC06923,10,2,65,18,4,6,1,5,2.8363,1.25,0.30174,0.17709,0.50556,1.8193,0.26918,0.25195,0.57521,0.97158,1.8389,2.3969,2.8344,0.70859,0.41408,6.8344,6.4179,0.22569,0.5,1.9707,0.38419,0.83333,1.4622,False,1.2546,1.8239,-0.38963,1096.7,765.93,94.005,79.6,2.521,1.44,1.66,4.8645,0.24139,0.14796,0.051747,II,False,0.87623
UGC06930,7,1,32,18,4,10,1,9,7.5693,2.1861,0.42658,0.5775,0.30555,2.1944,0.33705,0.3034,0.24541,0.98012,0.73479,0.75343,0.83525,0.10441,0.00090964,4.8352,5.4404,0.043972,0.10304,0.93701,0.56639,1,0.48209,False,2.2003,2.2033,1.9759,1424.2,1795.8,113.19,107.2,8.7712,3.94,4.38,3.042,0.19513,0.1536,0.026875,II,True,0.95787
UGC06973,2,3,71,18,4,9,0,9,50.01,0.37258,0.48564,0.052843,0.21012,0.15697,0.19859,0.021681,0.085707,0.99989,0.22647,0.23052,2.5531,0.36473,0.076953,6.5531,6.9475,0.035948,0.051235,0.86475,0.29943,1,0.78123,False,0.37465,0.15776,1.0731,28737,997.4,174.99,174.2,30.727,1.07,1.61,3.7377,1.3035,1.2651,0.021359,II,False,0.99365
UGC07089,8,2,80,18,4,12,3,9,3.2417,1.4899,0.25378,0.20682,0.32873,2.8257,0.27164,0.39059,0.38418,0.95939,1.0621,1.1446,7.0477,0.70477,0.27906,11.048,12.017,0.199,0.11294,0.77443,0.99905,0.75,1.6553,False,1.499,2.8377,-1.6449,438.2,188.96,82.247,0,3.4071,2.26,3.9,3.3913,0.17033,0.096132,0.041233,I,False,0.89442
UGC07151,6,1,90,6.87,2,11,2,9,5.3866,0.48299,0.042542,0.023833,0.055208,1.0211,0.060929,0.050438,0.088175,0.96286,1.2297,1.409,4.009,0.44545,0.089181,8.009,8.8048,0.070213,0.22485,1.5946,0.33794,1,0.93677,False,0.48436,1.0229,1.3749,152.52,153.14,78.04,73.5,1.9613,1.25,2.17,1.348,0.08808,0.05967,0.017274,I,False,0.93768
UGC07232,10,2,59,2.83,2,4,2,2,1.6278,0.11976,0.057123,0.013007,0.07742,0.50375,0.10971,0.03023,0.14197,0.97621,1.1724,1.0457,1.414,0.707,0.50688,5.414,4.1866,0.18583,0.84134,1.787,0.87586,1,0.84571,False,0.1199,0.50422,0.070284,152.22,122.61,55.342,0,0.11768,0.29,0.46,7.4288,0.47698,0.21779,0.13423,III,False,0.76885
UGC07261,8,2,30,13.1,1,7,0,7,7.2328,0.43148,0.090227,0.21386,0.10271,0.92219,0.13973,0.27599,0.17318,0.95333,1.2904,1.4177,0.44861,0.089722,0.0061156,4.4486,4.3404,0.041467,0.11263,0.75562,0.4926,1,0.36908,False,0.43286,0.92391,1.7532,1536.9,1123.6,77.622,74.7,2.7225,1.2,2.66,3.0704,0.20911,0.15152,0.039556,II,True,0.95454
UGC07559,10,2,61,4.97,2,7,2,5,2.4069,0.11505,0.040189,0.0084039,0.016439,1.0511,0.1934,0.0527,0.097225,0.9598,0.38126,0.4829,0.54278,0.10856,0.0095269,4.5428,4.4346,0.15238,0.18103,0.97889,0.60369,1,0.52732,False,0.11556,1.0545,1.5092,45.323,67.228,37.493,0,0.27927,0.58,0.98,3.3738,0.34932,0.184,0.089985,II,True,0.85238
UGC07577,10,2,63,2.59,2,9,6,3,1.3738,0.055553,0.061032,0.0038792,0.026546,1.2301,0.53304,0.06142,0.24489,0.98604,0.33713,0.37167,0.44347,0.063353,0.00037173,4.4435,4.8379,0.27199,0.051235,0.36223,0.78639,1,0.39615,False,0.055899,1.2363,1.8016,12.609,18.955,24.037,0,0.08102,0.9,0.77,8.107,1.0986,0.43333,0.33727,III,True,0.71922
UGC07603,7,1,78,4.7,1,12,2,10,4.7182,0.31737,0.036193,0.095017,0.038869,0.8711,0.06687,0.26064,0.082621,0.96303,0.83409,1.0079,4.6357,0.46357,0.085853,8.6357,9.6055,0.1263,0.11294,1.197,1,0.83333,1.2883,False,0.31838,0.87288,-0.0074839,218.89,129.89,68.49,61.6,0.53114,0.53,0.85,1.5431,0.11404,0.076765,0.022531,I,False,0.92815
UGC07608,10,1,25,8.21,1,8,3,5,2.6544,0.80913,0.25766,0.44208,0.15669,1.8008,0.31338,0.5377,0.19355,0.95835,0.45896,0.50717,0.94123,0.15687,0.012258,4.9412,5.1001,0.091898,0.2225,0.96715,0.56204,1,0.50427,False,0.81219,1.8056,2.0662,27.873,227.47,75.991,0,0.84355,1.5,1.6,6.0548,0.31844,0.17402,0.079677,II,False,0.86725
UGC07690,10,2,41,8.11,1,7,0,7,11.819,0.10072,0.038504,0.034491,0.085807,0.34944,0.11272,0.10434,0.29295,0.9885,2.4784,2.9226,3.2761,0.65521,0.34249,7.2761,7.1679,0.1029,0.11263,1.0956,0.44599,0.85714,1.1455,False,0.10112,0.35039,1.9459,1344.3,,60.954,57.4,0.9477,0.57,0.86,2.4334,0.38229,0.32257,0.039921,II,False,0.97248
UGC07866,10,2,44,4.57,2,7,2,5,3.4588,0.059841,0.024311,0.0096386,0.01458,0.67076,0.16467,0.033672,0.097908,0.95467,0.44473,0.48557,1.0538,0.21076,0.041887,5.0538,4.9456,0.16957,0.11263,0.76484,0.39572,1,0.61427,False,0.060059,0.67241,1.4391,110.15,118.16,33.872,0,0.21894,0.61,0.95,3.1581,0.40626,0.2455,0.093237,II,False,0.90038
UGC08837,10,2,80,7.21,2,8,5,3,1.5144,0.91548,0.25746,0.050043,0.12591,2.7734,0.30718,0.13791,0.12721,0.9786,0.51089,0.42593,0.31262,0.052104,0.00056637,4.3126,4.4715,0.041403,0.2225,1.7468,0.49891,1,0.33915,False,0.91969,2.7842,2.0548,4.7891,30.705,65.031,0,0.6761,1.72,2.25,5.6646,0.28123,0.11076,0.087106,I,True,0.74998
UGC09992,10,2,30,10.7,1,5,0,5,9.0182,0.041358,0.046969,0.020486,0.011138,0.43135,0.40312,0.12868,0.098845,0.99029,0.284,0.29484,0.013287,0.0044291,0.00040574,4.0133,3.2322,0.018083,0.95957,2.2621,0.99132,1,0.080613,False,0.041629,0.43327,1.5997,715.21,617.24,35.137,33.6,0.59094,1.04,1.62,4.3195,1.1357,0.93455,0.12293,III,True,0.96434
UGC10310,9,1,34,15.2,1,7,1,6,4.9036,0.75759,0.17571,0.29323,0.09774,1.5784,0.25302,0.47568,0.15697,0.96634,0.55481,0.59382,0.34328,0.068656,0.003251,4.3433,4.2351,0.049209,0.56037,2.8561,0.117,1,0.46814,False,0.76147,1.5836,1.7007,392.85,644.45,78.564,71.4,2.4612,1.8,3.12,3.4225,0.23193,0.1603,0.043563,II,True,0.93193
UGC11557,8,2,30,24.2,1,12,5,7,3.3025,2.2634,0.52169,1.0576,0.20517,3.1976,0.42118,0.79544,0.1686,0.95561,0.25835,0.31046,1.8288,0.18288,0.002508,5.8288,6.7986,0.30846,0.17882,1.5916,0.020256,0.91667,1.0234,False,2.2768,3.2105,2.438,-13.734,63.338,95.3,0,9.5152,2.75,4.18,5.3045,0.23049,0.13172,0.055661,I,True,0.89652
UGCA281,11,3,67,5.68,2,7,2,5,3.2201,0.028109,0.005484,0.0017905,0.0047051,0.33539,0.036882,0.01651,0.036685,0.96385,0.8328,0.90653,1.4303,0.28606,0.07903,5.4303,5.3221,0.18649,0.73646,1.9628,0.20571,1,0.79507,False,0.028163,0.33583,1.0653,35.822,35.53,32.857,0,0.17946,1.72,1.57,1.5397,0.1951,0.10997,0.04686,II,False,0.89141
